<?xml version="1.0" encoding="utf-8" standalone="yes" ?>
<rss version="2.0" xmlns:atom="http://www.w3.org/2005/Atom">
  <channel>
    <title></title>
    <link>/</link>
    <description>Recent content on </description>
    <generator>Hugo -- gohugo.io</generator>
    <copyright>&lt;a href=&#34;https://creativecommons.org/licenses/by-nc/4.0/&#34; target=&#34;_blank&#34; rel=&#34;noopener&#34;&gt;CC BY-NC 4.0&lt;/a&gt;</copyright>
    <lastBuildDate>Mon, 20 May 2019 22:09:25 +0800</lastBuildDate>
    
	<atom:link href="/index.xml" rel="self" type="application/rss+xml" />
    
    
    <item>
      <title>Google</title>
      <link>/posts/2019/05/google/</link>
      <pubDate>Mon, 20 May 2019 22:09:25 +0800</pubDate>
      
      <guid>/posts/2019/05/google/</guid>
      <description> 用银联卡实名注册payoneer  实名 真实  548546.com548546.com</description>
    </item>
    
    <item>
      <title>R 专业术语</title>
      <link>/posts/2019/05/r-%E4%B8%93%E4%B8%9A%E6%9C%AF%E8%AF%AD/</link>
      <pubDate>Mon, 20 May 2019 22:09:25 +0800</pubDate>
      
      <guid>/posts/2019/05/r-%E4%B8%93%E4%B8%9A%E6%9C%AF%E8%AF%AD/</guid>
      <description>Confidence interval，CI 置信区间
y^=-21.99x+135.17 </description>
    </item>
    
    <item>
      <title>hugo markdown Syntax</title>
      <link>/posts/2019/05/hugo-markdown-syntax/</link>
      <pubDate>Sun, 19 May 2019 00:00:00 +0000</pubDate>
      
      <guid>/posts/2019/05/hugo-markdown-syntax/</guid>
      <description>--- title: &amp;quot;hugo markdown Syntax&amp;quot; date: &amp;quot;2019-05-19&amp;quot; author: &amp;quot;niba&amp;quot; ---  1.标题
Heading Heading ======= 2.大小递减标题
标题 标题 标题 标题 # 标题 ## 标题 ### 标题 #### 标题  3.带背景字体
sdfsdg
`sdfsdg` 4.图片超链接 548546.com
![548546.com](https://548546.com/favicon-16x16.png) 5.表格
   第一列 第二列 第三列     ^ d d    |第一列 |第二列 |第三列 | | ----- |----- |----- | | ^ | d | d | 6.分割线 sajlkgls</description>
    </item>
    
    <item>
      <title>c question</title>
      <link>/posts/2019/05/c-question/</link>
      <pubDate>Sat, 18 May 2019 00:00:00 +0000</pubDate>
      
      <guid>/posts/2019/05/c-question/</guid>
      <description>\sad \as \asd
\mathring{g}
这个是格式 sagg wangzhe
   Syntax Description Test Text     Header Title Here&amp;rsquo;s this   Paragraph Text And more     dsf sfdsfsg  | |sd | | 2. * saf
\underleftarrow{AB}
% \f is defined as f(#1) using the macro \f{x} = \int_{-\infty}^\infty \hat \f\xi\,e^{2 \pi i \xi x} \,d\xi
🙈 👠 🍉
格式
$ ls -l public **total 16** -rw-r--r-- 1 quoha staff 416 Sep 29 17:02 index.</description>
    </item>
    
    <item>
      <title>padavan compile for newifi D2 on ubuntu 19.0.4</title>
      <link>/posts/2019/05/padavan-compile-for-newifi-d2-on-ubuntu-19.0.4/</link>
      <pubDate>Tue, 14 May 2019 00:00:00 +0000</pubDate>
      
      <guid>/posts/2019/05/padavan-compile-for-newifi-d2-on-ubuntu-19.0.4/</guid>
      <description>sudo apt update sudo apt install build-essential libncurses5-dev python unzip -y git clone https://git.openwrt.org/openwrt/openwrt.git/ cd openwrt ./scripts/feeds update -a ./scripts/feeds install -a make menuconfig make</description>
    </item>
    
    <item>
      <title>padavan  tcp v2xxx no ssh method</title>
      <link>/posts/2019/05/padavan-tcp-v2xxx-no-ssh-method/</link>
      <pubDate>Mon, 06 May 2019 00:00:00 +0000</pubDate>
      
      <guid>/posts/2019/05/padavan-tcp-v2xxx-no-ssh-method/</guid>
      <description>#!/bin/sh  apt-get update apt install nginx -y echo &amp;#34;1 1 &amp;#34; | bash &amp;lt;(curl -L -s https://opt.cn2qq.com/opt-script/v2ray.sh) cp /root/config.json /var/www/html/padavan.json1. #输入数字继续（【新安装或重新生成配置】请输入1，【更新V2Ray】请输入0，【删除V2Ray】请输入3）:1 2. #输入用户等级（自用请输入1，共享请输入0）:1 3. #输入主要端口（默认：） 4. #开启http伪装？（默认开启y） 5. #是否启用动态端口?（默认开启y） [y/n]: 6. #输入数据端口起点（默认：31392 ）: 7. #输入数据端口终点（默认：32891 ）: 8. #输入每次开放端口数（默认：9 ） 9. #输入端口变更时间（单位：分钟）（默认：4 ）: 10 #是否启用 Mux.Cool?（默认开启y） [y/n]: 11. #1. HTTP代理（默认1）2. Socks代理 请选择客户端代理类型: 12. #是否关闭iptables防火墙?（默认关闭y） [y/n]: 13. #输入客户端（路由）的 IP 地址（默认：192.168.123.1 ）: 14. #输入客户端（路由）的 本地代理 端口（默认：1088 ）: 15. #输入客户端（路由）的 透明代理 端口（默认：1099 ）:</description>
    </item>
    
    <item>
      <title>R note </title>
      <link>/posts/2019/05/r-note/</link>
      <pubDate>Sun, 05 May 2019 00:00:00 +0000</pubDate>
      
      <guid>/posts/2019/05/r-note/</guid>
      <description># commnets &amp;lt;- assignment assignment operator # 变量不能有空格和下划线 不能以数字开头 # 可以用= 但建议是&amp;lt;- vector 矢量 typeof(vector_name) #You can check the type of elements in a vector by using  typeof(vector_name) #You can check the length of a vector by using  length(vector_name) Less than: &amp;lt; Greater than: &amp;gt; Less than or equal to: &amp;lt;= Greater than or equal to: &amp;gt;= Is equal to: == Is NOT equal to: != ascending order# 升序 date = read.</description>
    </item>
    
    <item>
      <title>MySQL class exercise 3</title>
      <link>/posts/2019/05/mysql-class-exercise-3/</link>
      <pubDate>Sat, 04 May 2019 00:00:00 +0000</pubDate>
      
      <guid>/posts/2019/05/mysql-class-exercise-3/</guid>
      <description>create table Teacher( Tno char(3) NOT NULL primary key comment&amp;#39;教师号，主码&amp;#39;, Tname varchar(8) comment&amp;#39;教师名&amp;#39;, Tsex char(2) comment&amp;#39;性别，取值：男或女&amp;#39;, Tbirthday date comment&amp;#39;出生日期&amp;#39;, Tdept char(16) comment&amp;#39;所在系&amp;#39; )character set = utf8mb4; create table Teaching( Cno char(5) NOT NULL comment&amp;#39;课程号，外码&amp;#39;, Tno char(3) NOT NULL comment&amp;#39;教师号，外码&amp;#39;, Cterm Tinyint(1) comment&amp;#39;课1-8之间&amp;#39;, foreign key(Cno) REFERENCES Course(Cno), foreign key(Tno) REFERENCES Teacher(Tno) )character set = utf8mb4; insert into Teacher values(&amp;#39;101&amp;#39;,&amp;#39;李新&amp;#39;,&amp;#39;男&amp;#39;,&amp;#39;1977-01-12&amp;#39;,&amp;#39;CS&amp;#39;); insert into Teacher values(&amp;#39;102&amp;#39;,&amp;#39;钱军&amp;#39;,&amp;#39;女&amp;#39;,&amp;#39;1968-06-04&amp;#39;,&amp;#39;CS&amp;#39;); insert into Teacher values(&amp;#39;201&amp;#39;,&amp;#39;王小花&amp;#39;,&amp;#39;女&amp;#39;,&amp;#39;1979-12-23&amp;#39;,&amp;#39;IS&amp;#39;); insert into Teacher values(&amp;#39;202&amp;#39;,&amp;#39;张小青&amp;#39;,&amp;#39;男&amp;#39;,&amp;#39;1968-08-25&amp;#39;,&amp;#39;IS&amp;#39;); insert into Teaching values(&amp;#39;C01&amp;#39;,&amp;#39;101&amp;#39;,&amp;#39;2&amp;#39;); insert into Teaching values(&amp;#39;C02&amp;#39;,&amp;#39;102&amp;#39;,&amp;#39;1&amp;#39;); insert into Teaching values(&amp;#39;C03&amp;#39;,&amp;#39;201&amp;#39;,&amp;#39;3&amp;#39;); insert into Teaching values(&amp;#39;C04&amp;#39;,&amp;#39;202&amp;#39;,&amp;#39;4&amp;#39;); select * from Student where Ssex=&amp;#39;男&amp;#39;; #SELECT YEAR(CURRENT_TIMESTAMP) - YEAR(Sbirthday) - (RIGHT(CURRENT_TIMESTAMP, 5) &amp;lt; RIGHT(Sbirthday, 5)) as age FROM Student; #SELECT YEAR(CURRENT_TIMESTAMP) - YEAR(Sbirthday) - (RIGHT(CURRENT_TIMESTAMP, 5) &amp;lt; RIGHT(Sbirthday, 5)) as age FROM Student; select Sno,Sname,YEAR(CURRENT_TIMESTAMP) - YEAR(Sbirthday) - (RIGHT(CURRENT_TIMESTAMP, 5) &amp;lt; RIGHT(Sbirthday, 5)) as age from Student where (YEAR(CURRENT_TIMESTAMP) - YEAR(Sbirthday) - (RIGHT(CURRENT_TIMESTAMP, 5) &amp;lt; RIGHT(Sbirthday, 5))) &amp;gt; 24; select Tname,Tdept FROM Teacher; select Sname,Ssex,Sbirthday from Student where Speciality=&amp;#34;电子商务&amp;#34;; select Sno,Cno from SC where Degree&amp;lt;90 order by Degree desc; select Sdept from Student; select Cterm FROM Teaching where Cno=&amp;#34;C01&amp;#34;; select Sno,Cno from SC where Degree between 80 and 90; select Count( DISTINCT Cno) FROM SC; select * from SC where Degree=77 or Degree=88 OR Degree=99; SELECT avg(Degree) from SC where Cno=&amp;#34;C02&amp;#34;; select Sno from SC where Degree IS NOT NULL; SELECT * from Student where Sname like &amp;#34;刘%&amp;#34;; select Sdept,Count(DISTINCT Sno) from Student group by Sdept; select * FROM SC where Cno=&amp;#34;C03&amp;#34; order BY Degree desc; select Cno,Count(DISTINCT Sno) as 人数 from SC group by Cno; select Count(DISTINCT Sno) as 人数,max(Degree) from SC group by Cno; SELECT count(Cno) as 门数,sum(Degree) as 总成绩 FROM SC group BY Cno HAVING order by count(Cno) desc;</description>
    </item>
    
    <item>
      <title>five oceans english name</title>
      <link>/posts/2019/05/five-oceans-english-name/</link>
      <pubDate>Sat, 04 May 2019 00:00:00 +0000</pubDate>
      
      <guid>/posts/2019/05/five-oceans-english-name/</guid>
      <description>Arctic Ocean Atlantic Ocean Indian Ocean Pacific Ocean Southern Ocean</description>
    </item>
    
    <item>
      <title>shell bash Generalizations test on codecademy</title>
      <link>/posts/2019/05/shell-bash-generalizations-test-on-codecademy/</link>
      <pubDate>Sat, 04 May 2019 00:00:00 +0000</pubDate>
      
      <guid>/posts/2019/05/shell-bash-generalizations-test-on-codecademy/</guid>
      <description>pwd #outputs the name of the current working directory. ls #lists all files and directories in the working directory. cd #switches you into the directory you specify. mkdir #creates a new directory in the working directory. touch #creates a new file inside the working directory. list -a #- lists all contents, including hidden files and directories -l #- lists all contents of a directory in long format -t #- order files and directories by the time they were last modified.</description>
    </item>
    
  </channel>
</rss>