<?xml version="1.0" encoding="utf-8" standalone="yes" ?>
<rss version="2.0" xmlns:atom="http://www.w3.org/2005/Atom">
  <channel>
    <title>K3 on </title>
    <link>/tags/k3/</link>
    <description>Recent content in K3 on </description>
    <generator>Hugo -- gohugo.io</generator>
    <copyright>&lt;a href=&#34;https://creativecommons.org/licenses/by-nc/4.0/&#34; target=&#34;_blank&#34; rel=&#34;noopener&#34;&gt;CC BY-NC 4.0&lt;/a&gt;</copyright>
    <lastBuildDate>Sun, 28 Apr 2019 00:00:00 +0000</lastBuildDate>
    
	<atom:link href="/tags/k3/index.xml" rel="self" type="application/rss+xml" />
    
    
    <item>
      <title>k3 kcp for official firm version </title>
      <link>/posts/2019/04/k3-kcp-for-official-firm-version/</link>
      <pubDate>Sun, 28 Apr 2019 00:00:00 +0000</pubDate>
      
      <guid>/posts/2019/04/k3-kcp-for-official-firm-version/</guid>
      <description>{ &amp;#34;inbound&amp;#34;: { &amp;#34;protocol&amp;#34;: &amp;#34;dokodemo-door&amp;#34;, &amp;#34;port&amp;#34;: 1234, &amp;#34;settings&amp;#34;: { &amp;#34;network&amp;#34;: &amp;#34;tcp&amp;#34;, &amp;#34;timeout&amp;#34;: 30, &amp;#34;followRedirect&amp;#34;: true } }, &amp;#34;outbound&amp;#34;: { &amp;#34;protocol&amp;#34;: &amp;#34;vmess&amp;#34;, &amp;#34;settings&amp;#34;: { &amp;#34;vnext&amp;#34;: [{ &amp;#34;address&amp;#34;: &amp;#34; &amp;#34;, // 服务器地址 &amp;#34;port&amp;#34;: 12, // 服务器端口 &amp;#34;users&amp;#34;: [ { &amp;#34;id&amp;#34;: &amp;#34; 1546546515255&amp;#34;, &amp;#34;alterId&amp;#34;: 888, &amp;#34;security&amp;#34;: &amp;#34;auto&amp;#34;, &amp;#34;level&amp;#34;: 1 } ] }] }, &amp;#34;streamSettings&amp;#34;: { &amp;#34;network&amp;#34;: &amp;#34;kcp&amp;#34;, &amp;#34;kcpSettings&amp;#34;: { &amp;#34;mtu&amp;#34;: 1350, &amp;#34;tti&amp;#34;: 20, &amp;#34;uplinkCapacity&amp;#34;: 5, &amp;#34;downlinkCapacity&amp;#34;: 100, &amp;#34;congestion&amp;#34;: true, &amp;#34;readBufferSize&amp;#34;: 1, &amp;#34;writeBufferSize&amp;#34;: 1, &amp;#34;header&amp;#34;: { &amp;#34;type&amp;#34;: &amp;#34;none&amp;#34; } } } } }</description>
    </item>
    
  </channel>
</rss>