<?xml version="1.0" encoding="utf-8" standalone="yes" ?>
<rss version="2.0" xmlns:atom="http://www.w3.org/2005/Atom">
  <channel>
    <title>R on </title>
    <link>/tags/r/</link>
    <description>Recent content in R on </description>
    <generator>Hugo -- gohugo.io</generator>
    <copyright>&lt;a href=&#34;https://creativecommons.org/licenses/by-nc/4.0/&#34; target=&#34;_blank&#34; rel=&#34;noopener&#34;&gt;CC BY-NC 4.0&lt;/a&gt;</copyright>
    <lastBuildDate>Sun, 05 May 2019 00:00:00 +0000</lastBuildDate>
    
	<atom:link href="/tags/r/index.xml" rel="self" type="application/rss+xml" />
    
    
    <item>
      <title>R note </title>
      <link>/posts/2019/05/r-note/</link>
      <pubDate>Sun, 05 May 2019 00:00:00 +0000</pubDate>
      
      <guid>/posts/2019/05/r-note/</guid>
      <description># commnets &amp;lt;- assignment assignment operator # 变量不能有空格和下划线 不能以数字开头 # 可以用= 但建议是&amp;lt;- vector 矢量 typeof(vector_name) #You can check the type of elements in a vector by using  typeof(vector_name) #You can check the length of a vector by using  length(vector_name) Less than: &amp;lt; Greater than: &amp;gt; Less than or equal to: &amp;lt;= Greater than or equal to: &amp;gt;= Is equal to: == Is NOT equal to: != ascending order# 升序 date = read.</description>
    </item>
    
  </channel>
</rss>