<rss version="2.0" xmlns:atom="http://www.w3.org/2005/Atom">
    <channel>
        <title>Posts on </title>
        <link>/posts/</link>
        <description>Recent content in Posts on </description>
        <generator>Hugo -- gohugo.io</generator>
        <copyright>&lt;a href=&#34;https://creativecommons.org/licenses/by-nc/4.0/&#34; target=&#34;_blank&#34; rel=&#34;noopener&#34;&gt;CC BY-NC 4.0&lt;/a&gt;</copyright>
        <lastBuildDate>Mon, 20 May 2019 22:09:25 +0800</lastBuildDate>
        <atom:link href="/posts/index.xml" rel="self" type="application/rss+xml" />
        
        <item>
            <title>Google</title>
            <link>/posts/2019/05/google/</link>
            <pubDate>Mon, 20 May 2019 22:09:25 +0800</pubDate>
            
            <guid>/posts/2019/05/google/</guid>
            <description> 用银联卡实名注册payoneer  实名 真实  548546.com548546.com</description>
            <content type="html"><![CDATA[

<h4 id="用银联卡实名注册-payoneer-https-share-payoneer-com-nav-ey5s7n6iegchjkpyy-tvfgbhbcatidn0-sitewsvy1egc7espqbnj02tru1bvg36y1ap7b099-jstpfhdd3aea2">用银联卡实名注册<a href="https://share.payoneer.com/nav/eY5S7n6iEGchJKPYY_tVFGBhBcATidn0-sitewsvy1egc7esPQbNJ02TRU1BvG36y1ap7b099_jstPfHDd3aEA2" target="_blank"><code>payoneer</code></a></h4>

<ul>
<li>实名</li>
<li>真实</li>
</ul>


    <figure class="center" >
        <img src="/pic/Snipaste_2019-05-04_11-43-34.png"  alt="Hello Friend"   style="border-radius: 8px;"  />

        
            <figcaption class="right"  style="color: red;" >548546.com</figcaption>
        
    </figure>




    <figure class="center" >
        <img src="/pic/ipv%20%28Time%200_00_11;16%29.png"  alt="Hello Friend"   style="border-radius: 8px;"  />

        
            <figcaption class="right"  style="color: red;" >548546.com</figcaption>
        
    </figure>


]]></content>
        </item>
        
        <item>
            <title>R 专业术语</title>
            <link>/posts/2019/05/r-%E4%B8%93%E4%B8%9A%E6%9C%AF%E8%AF%AD/</link>
            <pubDate>Mon, 20 May 2019 22:09:25 +0800</pubDate>
            
            <guid>/posts/2019/05/r-%E4%B8%93%E4%B8%9A%E6%9C%AF%E8%AF%AD/</guid>
            <description>Confidence interval，CI 置信区间
y^=-21.99x+135.17 </description>
            <content type="html"><![CDATA[<p>Confidence interval，CI 置信区间</p>

<math xmlns="http://www.w3.org/1998/Math/MathML"><mover><mi>y</mi><mo>^</mo></mover><mo>=</mo><mo>-</mo><mn>21</mn><mo>.</mo><mn>99</mn><mi>x</mi><mo>+</mo><mn>135</mn><mo>.</mo><mn>17</mn></math>
]]></content>
        </item>
        
        <item>
            <title>hugo markdown Syntax</title>
            <link>/posts/2019/05/hugo-markdown-syntax/</link>
            <pubDate>Sun, 19 May 2019 00:00:00 +0000</pubDate>
            
            <guid>/posts/2019/05/hugo-markdown-syntax/</guid>
            <description>--- title: &amp;quot;hugo markdown Syntax&amp;quot; date: &amp;quot;2019-05-19&amp;quot; author: &amp;quot;niba&amp;quot; ---  1.标题
Heading Heading ======= 2.大小递减标题
标题 标题 标题 标题 # 标题 ## 标题 ### 标题 #### 标题  3.带背景字体
sdfsdg
`sdfsdg` 4.图片超链接 548546.com
![548546.com](https://548546.com/favicon-16x16.png) 5.表格
   第一列 第二列 第三列     ^ d d    |第一列 |第二列 |第三列 | | ----- |----- |----- | | ^ | d | d | 6.分割线 sajlkgls</description>
            <content type="html"><![CDATA[

<pre><code>---
title: &quot;hugo markdown Syntax&quot;
date: &quot;2019-05-19&quot;
author: &quot;niba&quot;
---
</code></pre>

<p>1.标题</p>

<h1 id="heading">Heading</h1>
<div class="highlight"><pre style="color:#f8f8f2;background-color:#272822;-moz-tab-size:4;-o-tab-size:4;tab-size:4"><code class="language-markdown" data-lang="markdown">Heading
=======</code></pre></div>
<p>2.大小递减标题</p>

<h1 id="标题">标题</h1>

<h2 id="标题-1">标题</h2>

<h3 id="标题-2">标题</h3>

<h4 id="标题-3">标题</h4>

<pre><code>#  标题
## 标题
### 标题
#### 标题

</code></pre>

<p>3.带背景字体</p>

<p><code>sdfsdg</code></p>
<div class="highlight"><pre style="color:#f8f8f2;background-color:#272822;-moz-tab-size:4;-o-tab-size:4;tab-size:4"><code class="language-md" data-lang="md"><span style="color:#e6db74">`sdfsdg`</span></code></pre></div>
<p>4.图片超链接
<img src="https://548546.com/favicon-16x16.png" alt="548546.com" />
<a href="https://548546.com/favicon-16x16.png" target="_blank">548546.com</a></p>
<div class="highlight"><pre style="color:#f8f8f2;background-color:#272822;-moz-tab-size:4;-o-tab-size:4;tab-size:4"><code class="language-md" data-lang="md">![<span style="color:#f92672">548546.com</span>](<span style="color:#a6e22e">https://548546.com/favicon-16x16.png</span>)</code></pre></div>
<p>5.表格</p>

<table>
<thead>
<tr>
<th>第一列</th>
<th>第二列</th>
<th>第三列</th>
</tr>
</thead>

<tbody>
<tr>
<td>^</td>
<td>d</td>
<td>d</td>
</tr>
</tbody>
</table>
<div class="highlight"><pre style="color:#f8f8f2;background-color:#272822;-moz-tab-size:4;-o-tab-size:4;tab-size:4"><code class="language-md" data-lang="md">|第一列   |第二列   |第三列   |
| -----  |-----    |-----   |
|   ^     |     d   |    d   |</code></pre></div>
<p>6.分割线
sajlkgls</p>

<hr />

<pre><code>sagkljg
***
</code></pre>

<p>7.项目符1</p>

<ul>
<li>Item 1</li>
<li>Item 2

<ul>
<li>Item 2a</li>
<li>Item 2b</li>
</ul></li>
</ul>
<div class="highlight"><pre style="color:#f8f8f2;background-color:#272822;-moz-tab-size:4;-o-tab-size:4;tab-size:4"><code class="language-md" data-lang="md"><span style="color:#66d9ef">*</span> Item 1
<span style="color:#66d9ef">*</span> Item 2
 <span style="color:#66d9ef">*</span> Item 2a
 * Item 2b</code></pre></div>
<p>8.项目符2</p>

<ol>
<li>Item 1</li>
<li>Item 2</li>
<li>Item 3

<ul>
<li>Item 3a</li>
<li>Item 3b</li>
</ul></li>
</ol>
<div class="highlight"><pre style="color:#f8f8f2;background-color:#272822;-moz-tab-size:4;-o-tab-size:4;tab-size:4"><code class="language-md" data-lang="md"><span style="color:#66d9ef">1.</span> Item 1
<span style="color:#66d9ef">2.</span> Item 2
<span style="color:#66d9ef">3.</span> Item 3
 <span style="color:#66d9ef">*</span> Item 3a
 * Item 3b</code></pre></div>
<p>9.引用</p>

<p>As Grace Hopper said:</p>

<blockquote>
<p>I’ve always been more interested
in the future than in the past</p>
</blockquote>
<div class="highlight"><pre style="color:#f8f8f2;background-color:#272822;-moz-tab-size:4;-o-tab-size:4;tab-size:4"><code class="language-md" data-lang="md">As Grace Hopper said:<span style="color:#66d9ef">
</span><span style="color:#66d9ef">
</span><span style="color:#66d9ef">&gt; </span><span style="font-style:italic">I’ve always been more interested
</span><span style="font-style:italic"></span>&gt; in the future than in the past</code></pre></div>
<p>10.表情
👍
✨
🐫
🎉
🚀
🤘</p>
<div class="highlight"><pre style="color:#f8f8f2;background-color:#272822;-moz-tab-size:4;-o-tab-size:4;tab-size:4"><code class="language-txt" data-lang="txt">👍 
✨
🐫
🎉
🚀 
🤘 
 </code></pre></div>
<p>11.任务清单</p>

<ul class="task-list">
<li><label><input type="checkbox" checked disabled class="task-list-item"> 7:30 起床</label></li>
<li><label><input type="checkbox" disabled class="task-list-item"> 21:30 睡觉</label></li>
<li><label><input type="checkbox" checked disabled class="task-list-item"> 1:00 弃船</label></li>
<li><label><input type="checkbox" checked disabled class="task-list-item"> 2:00 呵呵</label></li>
</ul>

<p>12.无法使用</p>
<div class="highlight"><pre style="color:#f8f8f2;background-color:#272822;-moz-tab-size:4;-o-tab-size:4;tab-size:4"><code class="language-c {highlight=1}" data-lang="c {highlight=1}">sdfsdg
dsfds
adf
sdfsdgs
dfa</code></pre></div><div class="highlight"><pre style="color:#f8f8f2;background-color:#272822;-moz-tab-size:4;-o-tab-size:4;tab-size:4"><code class="language-javascript {.line-numbers}" data-lang="javascript {.line-numbers}">function add(x, y) {
  return x + y
}</code></pre></div>
<table>
<thead>
<tr>
<th align="left">Syntax</th>
<th align="center">Description</th>
<th align="right">Test Text</th>
</tr>
</thead>

<tbody>
<tr>
<td align="left">Header</td>
<td align="center">Title</td>
<td align="right">Here&rsquo;s this</td>
</tr>

<tr>
<td align="left">Paragraph</td>
<td align="center">Text</td>
<td align="right">And more</td>
</tr>
</tbody>
</table>

<p>13.视频嵌入</p>

<iframe width="560" height="315" src="https://www.youtube.com/embed/823GlSD-VGQ?start=60" frameborder="0" allow="accelerometer; autoplay; encrypted-media; gyroscope; picture-in-picture" allowfullscreen></iframe>
<div class="highlight"><pre style="color:#f8f8f2;background-color:#272822;-moz-tab-size:4;-o-tab-size:4;tab-size:4"><code class="language-html" data-lang="html">&lt;<span style="color:#f92672">iframe</span> <span style="color:#a6e22e">width</span><span style="color:#f92672">=</span><span style="color:#e6db74">&#34;560&#34;</span> <span style="color:#a6e22e">height</span><span style="color:#f92672">=</span><span style="color:#e6db74">&#34;315&#34;</span> <span style="color:#a6e22e">src</span><span style="color:#f92672">=</span><span style="color:#e6db74">&#34;https://www.youtube.com/embed/823GlSD-VGQ?start=60&#34;</span> <span style="color:#a6e22e">frameborder</span><span style="color:#f92672">=</span><span style="color:#e6db74">&#34;0&#34;</span> <span style="color:#a6e22e">allow</span><span style="color:#f92672">=</span><span style="color:#e6db74">&#34;accelerometer; autoplay; encrypted-media; gyroscope; picture-in-picture&#34;</span> <span style="color:#a6e22e">allowfullscreen</span>&gt;&lt;/<span style="color:#f92672">iframe</span>&gt;</code></pre></div>]]></content>
        </item>
        
        <item>
            <title>c question</title>
            <link>/posts/2019/05/c-question/</link>
            <pubDate>Sat, 18 May 2019 00:00:00 +0000</pubDate>
            
            <guid>/posts/2019/05/c-question/</guid>
            <description>\sad \as \asd
\mathring{g}
这个是格式 sagg wangzhe
   Syntax Description Test Text     Header Title Here&amp;rsquo;s this   Paragraph Text And more     dsf sfdsfsg  | |sd | | 2. * saf
\underleftarrow{AB}
% \f is defined as f(#1) using the macro \f{x} = \int_{-\infty}^\infty \hat \f\xi\,e^{2 \pi i \xi x} \,d\xi
🙈 👠 🍉
格式
$ ls -l public **total 16** -rw-r--r-- 1 quoha staff 416 Sep 29 17:02 index.</description>
            <content type="html"><![CDATA[

<p>\sad
\as
\asd</p>

<p>\mathring{g}</p>

<h2 id="这个是格式">这个是格式</h2>

<h3 id="sagg">sagg</h3>

<p><a href="hhttlsd" target="_blank">wangzhe</a></p>

<table>
<thead>
<tr>
<th align="left">Syntax</th>
<th align="center">Description</th>
<th align="right">Test Text</th>
</tr>
</thead>

<tbody>
<tr>
<td align="left">Header</td>
<td align="center">Title</td>
<td align="right">Here&rsquo;s this</td>
</tr>

<tr>
<td align="left">Paragraph</td>
<td align="center">Text</td>
<td align="right">And more</td>
</tr>
</tbody>
</table>

<ol>
<li>dsf</li>
<li>sfdsfsg</li>
</ol>

<p>|
|sd
|
|
2. * saf</p>

<p>\underleftarrow{AB}</p>

<p>% \f is defined as f(#1) using the macro
\f{x} = \int_{-\infty}^\infty
    \hat \f\xi\,e^{2 \pi i \xi x}
    \,d\xi</p>

<p>🙈
👠
🍉</p>

<p><strong>格式</strong></p>

<pre><code>$ ls -l public
**total 16**
-rw-r--r--  1 quoha  staff  416 Sep 29 17:02 index.xml
-rw-r--r--  1 quoha  staff  262 Sep 29 17:02 sitemap.xml
$
</code></pre>

<p>[dsfs]</p>
<div class="highlight"><pre style="color:#f8f8f2;background-color:#272822;-moz-tab-size:4;-o-tab-size:4;tab-size:4"><code class="language-c" data-lang="c"><span style="color:#75715e">#include</span> <span style="color:#75715e">&lt;stdio.h&gt;</span><span style="color:#75715e">
</span><span style="color:#75715e"></span>
<span style="color:#960050;background-color:#1e0010">∫</span></code></pre></div>]]></content>
        </item>
        
        <item>
            <title>padavan compile for newifi D2 on ubuntu 19.0.4</title>
            <link>/posts/2019/05/padavan-compile-for-newifi-d2-on-ubuntu-19.0.4/</link>
            <pubDate>Tue, 14 May 2019 00:00:00 +0000</pubDate>
            
            <guid>/posts/2019/05/padavan-compile-for-newifi-d2-on-ubuntu-19.0.4/</guid>
            <description>sudo apt update sudo apt install build-essential libncurses5-dev python unzip -y git clone https://git.openwrt.org/openwrt/openwrt.git/ cd openwrt ./scripts/feeds update -a ./scripts/feeds install -a make menuconfig make</description>
            <content type="html"><![CDATA[<div class="highlight"><pre style="color:#f8f8f2;background-color:#272822;-moz-tab-size:4;-o-tab-size:4;tab-size:4"><code class="language-shell" data-lang="shell">sudo apt update
sudo apt install build-essential libncurses5-dev python unzip -y


git clone https://git.openwrt.org/openwrt/openwrt.git/
cd openwrt

./scripts/feeds update -a
./scripts/feeds install -a

make menuconfig


make</code></pre></div>]]></content>
        </item>
        
        <item>
            <title>padavan  tcp v2xxx no ssh method</title>
            <link>/posts/2019/05/padavan-tcp-v2xxx-no-ssh-method/</link>
            <pubDate>Mon, 06 May 2019 00:00:00 +0000</pubDate>
            
            <guid>/posts/2019/05/padavan-tcp-v2xxx-no-ssh-method/</guid>
            <description>#!/bin/sh  apt-get update apt install nginx -y echo &amp;#34;1 1 &amp;#34; | bash &amp;lt;(curl -L -s https://opt.cn2qq.com/opt-script/v2ray.sh) cp /root/config.json /var/www/html/padavan.json1. #输入数字继续（【新安装或重新生成配置】请输入1，【更新V2Ray】请输入0，【删除V2Ray】请输入3）:1 2. #输入用户等级（自用请输入1，共享请输入0）:1 3. #输入主要端口（默认：） 4. #开启http伪装？（默认开启y） 5. #是否启用动态端口?（默认开启y） [y/n]: 6. #输入数据端口起点（默认：31392 ）: 7. #输入数据端口终点（默认：32891 ）: 8. #输入每次开放端口数（默认：9 ） 9. #输入端口变更时间（单位：分钟）（默认：4 ）: 10 #是否启用 Mux.Cool?（默认开启y） [y/n]: 11. #1. HTTP代理（默认1）2. Socks代理 请选择客户端代理类型: 12. #是否关闭iptables防火墙?（默认关闭y） [y/n]: 13. #输入客户端（路由）的 IP 地址（默认：192.168.123.1 ）: 14. #输入客户端（路由）的 本地代理 端口（默认：1088 ）: 15. #输入客户端（路由）的 透明代理 端口（默认：1099 ）:</description>
            <content type="html"><![CDATA[<div class="highlight"><pre style="color:#f8f8f2;background-color:#272822;-moz-tab-size:4;-o-tab-size:4;tab-size:4"><code class="language-bash" data-lang="bash"><span style="color:#75715e">#!/bin/sh
</span><span style="color:#75715e"></span>
apt-get update
apt install nginx -y

echo <span style="color:#e6db74">&#34;1
</span><span style="color:#e6db74">1
</span><span style="color:#e6db74">
</span><span style="color:#e6db74">
</span><span style="color:#e6db74">
</span><span style="color:#e6db74">
</span><span style="color:#e6db74">
</span><span style="color:#e6db74">
</span><span style="color:#e6db74">
</span><span style="color:#e6db74">
</span><span style="color:#e6db74">
</span><span style="color:#e6db74">
</span><span style="color:#e6db74">
</span><span style="color:#e6db74">
</span><span style="color:#e6db74">&#34;</span> | bash &lt;<span style="color:#f92672">(</span>curl -L -s https://opt.cn2qq.com/opt-script/v2ray.sh<span style="color:#f92672">)</span>

cp /root/config.json /var/www/html/padavan.json</code></pre></div><div class="highlight"><pre style="color:#f8f8f2;background-color:#272822;-moz-tab-size:4;-o-tab-size:4;tab-size:4"><code class="language-bash" data-lang="bash"><span style="color:#ae81ff">1</span>.  <span style="color:#75715e">#输入数字继续（【新安装或重新生成配置】请输入1，【更新V2Ray】请输入0，【删除V2Ray】请输入3）:1</span>
<span style="color:#ae81ff">2</span>.  <span style="color:#75715e">#输入用户等级（自用请输入1，共享请输入0）:1</span>
<span style="color:#ae81ff">3</span>.  <span style="color:#75715e">#输入主要端口（默认：）</span>
<span style="color:#ae81ff">4</span>.  <span style="color:#75715e">#开启http伪装？（默认开启y）</span>
<span style="color:#ae81ff">5</span>.  <span style="color:#75715e">#是否启用动态端口?（默认开启y） [y/n]:</span>
<span style="color:#ae81ff">6</span>.  <span style="color:#75715e">#输入数据端口起点（默认：31392 ）:</span>
<span style="color:#ae81ff">7</span>.  <span style="color:#75715e">#输入数据端口终点（默认：32891 ）:</span>
<span style="color:#ae81ff">8</span>.  <span style="color:#75715e">#输入每次开放端口数（默认：9 ）</span>
<span style="color:#ae81ff">9</span>.  <span style="color:#75715e">#输入端口变更时间（单位：分钟）（默认：4 ）:</span>
<span style="color:#ae81ff">10</span>  <span style="color:#75715e">#是否启用 Mux.Cool?（默认开启y） [y/n]:</span>
<span style="color:#ae81ff">11</span>. <span style="color:#75715e">#1. HTTP代理（默认1）2. Socks代理 请选择客户端代理类型:</span>
<span style="color:#ae81ff">12</span>. <span style="color:#75715e">#是否关闭iptables防火墙?（默认关闭y） [y/n]:</span>
<span style="color:#ae81ff">13</span>. <span style="color:#75715e">#输入客户端（路由）的 IP 地址（默认：192.168.123.1 ）:</span>
<span style="color:#ae81ff">14</span>.  <span style="color:#75715e">#输入客户端（路由）的 本地代理 端口（默认：1088 ）:</span>
<span style="color:#ae81ff">15</span>.  <span style="color:#75715e">#输入客户端（路由）的 透明代理 端口（默认：1099 ）:</span></code></pre></div>]]></content>
        </item>
        
        <item>
            <title>R note </title>
            <link>/posts/2019/05/r-note/</link>
            <pubDate>Sun, 05 May 2019 00:00:00 +0000</pubDate>
            
            <guid>/posts/2019/05/r-note/</guid>
            <description># commnets &amp;lt;- assignment assignment operator # 变量不能有空格和下划线 不能以数字开头 # 可以用= 但建议是&amp;lt;- vector 矢量 typeof(vector_name) #You can check the type of elements in a vector by using  typeof(vector_name) #You can check the length of a vector by using  length(vector_name) Less than: &amp;lt; Greater than: &amp;gt; Less than or equal to: &amp;lt;= Greater than or equal to: &amp;gt;= Is equal to: == Is NOT equal to: != ascending order# 升序 date = read.</description>
            <content type="html"><![CDATA[
    <img src="/pic/1.jpg"  alt="Hello Friend"  class="center"  style="border-radius: 20px;"  />


<div class="highlight"><pre style="color:#f8f8f2;background-color:#272822;-moz-tab-size:4;-o-tab-size:4;tab-size:4"><code class="language-r" data-lang="r"><span style="color:#75715e"># commnets</span>


<span style="color:#f92672">&lt;-</span>
assignment assignment operator
<span style="color:#75715e"># 变量不能有空格和下划线 不能以数字开头</span>
<span style="color:#75715e"># 可以用= 但建议是&lt;-</span>

<span style="color:#66d9ef">vector</span> 矢量
<span style="color:#66d9ef">typeof</span>(vector_name)


<span style="color:#75715e">#You can check the type of elements in a vector by using </span>
<span style="color:#66d9ef">typeof</span>(vector_name)
<span style="color:#75715e">#You can check the length of a vector by using </span>
<span style="color:#66d9ef">length</span>(vector_name)



Less than<span style="color:#f92672">:</span> <span style="color:#f92672">&lt;</span>
Greater than<span style="color:#f92672">:</span> <span style="color:#f92672">&gt;</span>
Less than or equal to<span style="color:#f92672">:</span> <span style="color:#f92672">&lt;=</span>
Greater than or equal to<span style="color:#f92672">:</span> <span style="color:#f92672">&gt;=</span>
Is equal to<span style="color:#f92672">:</span> <span style="color:#f92672">==</span>
Is NOT equal to<span style="color:#f92672">:</span> <span style="color:#f92672">!=</span>


ascending <span style="color:#66d9ef">order</span><span style="color:#75715e"># 升序</span>








date <span style="color:#f92672">=</span> read.csv(<span style="color:#66d9ef">file.choose</span>(),header <span style="color:#f92672">=</span> T)</code></pre></div><div class="highlight"><pre style="color:#f8f8f2;background-color:#272822;-moz-tab-size:4;-o-tab-size:4;tab-size:4"><code class="language-C" data-lang="C"></code></pre></div>
<p>+++C
+++</p>
]]></content>
        </item>
        
        <item>
            <title>MySQL class exercise 3</title>
            <link>/posts/2019/05/mysql-class-exercise-3/</link>
            <pubDate>Sat, 04 May 2019 00:00:00 +0000</pubDate>
            
            <guid>/posts/2019/05/mysql-class-exercise-3/</guid>
            <description>create table Teacher( Tno char(3) NOT NULL primary key comment&amp;#39;教师号，主码&amp;#39;, Tname varchar(8) comment&amp;#39;教师名&amp;#39;, Tsex char(2) comment&amp;#39;性别，取值：男或女&amp;#39;, Tbirthday date comment&amp;#39;出生日期&amp;#39;, Tdept char(16) comment&amp;#39;所在系&amp;#39; )character set = utf8mb4; create table Teaching( Cno char(5) NOT NULL comment&amp;#39;课程号，外码&amp;#39;, Tno char(3) NOT NULL comment&amp;#39;教师号，外码&amp;#39;, Cterm Tinyint(1) comment&amp;#39;课1-8之间&amp;#39;, foreign key(Cno) REFERENCES Course(Cno), foreign key(Tno) REFERENCES Teacher(Tno) )character set = utf8mb4; insert into Teacher values(&amp;#39;101&amp;#39;,&amp;#39;李新&amp;#39;,&amp;#39;男&amp;#39;,&amp;#39;1977-01-12&amp;#39;,&amp;#39;CS&amp;#39;); insert into Teacher values(&amp;#39;102&amp;#39;,&amp;#39;钱军&amp;#39;,&amp;#39;女&amp;#39;,&amp;#39;1968-06-04&amp;#39;,&amp;#39;CS&amp;#39;); insert into Teacher values(&amp;#39;201&amp;#39;,&amp;#39;王小花&amp;#39;,&amp;#39;女&amp;#39;,&amp;#39;1979-12-23&amp;#39;,&amp;#39;IS&amp;#39;); insert into Teacher values(&amp;#39;202&amp;#39;,&amp;#39;张小青&amp;#39;,&amp;#39;男&amp;#39;,&amp;#39;1968-08-25&amp;#39;,&amp;#39;IS&amp;#39;); insert into Teaching values(&amp;#39;C01&amp;#39;,&amp;#39;101&amp;#39;,&amp;#39;2&amp;#39;); insert into Teaching values(&amp;#39;C02&amp;#39;,&amp;#39;102&amp;#39;,&amp;#39;1&amp;#39;); insert into Teaching values(&amp;#39;C03&amp;#39;,&amp;#39;201&amp;#39;,&amp;#39;3&amp;#39;); insert into Teaching values(&amp;#39;C04&amp;#39;,&amp;#39;202&amp;#39;,&amp;#39;4&amp;#39;); select * from Student where Ssex=&amp;#39;男&amp;#39;; #SELECT YEAR(CURRENT_TIMESTAMP) - YEAR(Sbirthday) - (RIGHT(CURRENT_TIMESTAMP, 5) &amp;lt; RIGHT(Sbirthday, 5)) as age FROM Student; #SELECT YEAR(CURRENT_TIMESTAMP) - YEAR(Sbirthday) - (RIGHT(CURRENT_TIMESTAMP, 5) &amp;lt; RIGHT(Sbirthday, 5)) as age FROM Student; select Sno,Sname,YEAR(CURRENT_TIMESTAMP) - YEAR(Sbirthday) - (RIGHT(CURRENT_TIMESTAMP, 5) &amp;lt; RIGHT(Sbirthday, 5)) as age from Student where (YEAR(CURRENT_TIMESTAMP) - YEAR(Sbirthday) - (RIGHT(CURRENT_TIMESTAMP, 5) &amp;lt; RIGHT(Sbirthday, 5))) &amp;gt; 24; select Tname,Tdept FROM Teacher; select Sname,Ssex,Sbirthday from Student where Speciality=&amp;#34;电子商务&amp;#34;; select Sno,Cno from SC where Degree&amp;lt;90 order by Degree desc; select Sdept from Student; select Cterm FROM Teaching where Cno=&amp;#34;C01&amp;#34;; select Sno,Cno from SC where Degree between 80 and 90; select Count( DISTINCT Cno) FROM SC; select * from SC where Degree=77 or Degree=88 OR Degree=99; SELECT avg(Degree) from SC where Cno=&amp;#34;C02&amp;#34;; select Sno from SC where Degree IS NOT NULL; SELECT * from Student where Sname like &amp;#34;刘%&amp;#34;; select Sdept,Count(DISTINCT Sno) from Student group by Sdept; select * FROM SC where Cno=&amp;#34;C03&amp;#34; order BY Degree desc; select Cno,Count(DISTINCT Sno) as 人数 from SC group by Cno; select Count(DISTINCT Sno) as 人数,max(Degree) from SC group by Cno; SELECT count(Cno) as 门数,sum(Degree) as 总成绩 FROM SC group BY Cno HAVING order by count(Cno) desc;</description>
            <content type="html"><![CDATA[<div class="highlight"><pre style="color:#f8f8f2;background-color:#272822;-moz-tab-size:4;-o-tab-size:4;tab-size:4"><code class="language-sql" data-lang="sql"><span style="color:#66d9ef">create</span> <span style="color:#66d9ef">table</span> Teacher(
    Tno char(<span style="color:#ae81ff">3</span>) <span style="color:#66d9ef">NOT</span> <span style="color:#66d9ef">NULL</span> <span style="color:#66d9ef">primary</span> <span style="color:#66d9ef">key</span> <span style="color:#66d9ef">comment</span><span style="color:#e6db74">&#39;教师号，主码&#39;</span>,
    Tname varchar(<span style="color:#ae81ff">8</span>) <span style="color:#66d9ef">comment</span><span style="color:#e6db74">&#39;教师名&#39;</span>,
    Tsex char(<span style="color:#ae81ff">2</span>) <span style="color:#66d9ef">comment</span><span style="color:#e6db74">&#39;性别，取值：男或女&#39;</span>,
    Tbirthday date <span style="color:#66d9ef">comment</span><span style="color:#e6db74">&#39;出生日期&#39;</span>,
    Tdept char(<span style="color:#ae81ff">16</span>) <span style="color:#66d9ef">comment</span><span style="color:#e6db74">&#39;所在系&#39;</span>
)character <span style="color:#66d9ef">set</span> <span style="color:#f92672">=</span> utf8mb4;


<span style="color:#66d9ef">create</span> <span style="color:#66d9ef">table</span> Teaching(
    Cno char(<span style="color:#ae81ff">5</span>) <span style="color:#66d9ef">NOT</span> <span style="color:#66d9ef">NULL</span> <span style="color:#66d9ef">comment</span><span style="color:#e6db74">&#39;课程号，外码&#39;</span>, 
    Tno char(<span style="color:#ae81ff">3</span>) <span style="color:#66d9ef">NOT</span> <span style="color:#66d9ef">NULL</span> <span style="color:#66d9ef">comment</span><span style="color:#e6db74">&#39;教师号，外码&#39;</span>, 
    Cterm Tinyint(<span style="color:#ae81ff">1</span>) <span style="color:#66d9ef">comment</span><span style="color:#e6db74">&#39;课1-8之间&#39;</span>,
    <span style="color:#66d9ef">foreign</span> <span style="color:#66d9ef">key</span>(Cno) <span style="color:#66d9ef">REFERENCES</span> Course(Cno),
    <span style="color:#66d9ef">foreign</span> <span style="color:#66d9ef">key</span>(Tno) <span style="color:#66d9ef">REFERENCES</span> Teacher(Tno)
)character <span style="color:#66d9ef">set</span> <span style="color:#f92672">=</span> utf8mb4;

<span style="color:#66d9ef">insert</span> <span style="color:#66d9ef">into</span> Teacher <span style="color:#66d9ef">values</span>(<span style="color:#e6db74">&#39;101&#39;</span>,<span style="color:#e6db74">&#39;李新&#39;</span>,<span style="color:#e6db74">&#39;男&#39;</span>,<span style="color:#e6db74">&#39;1977-01-12&#39;</span>,<span style="color:#e6db74">&#39;CS&#39;</span>);
<span style="color:#66d9ef">insert</span> <span style="color:#66d9ef">into</span> Teacher <span style="color:#66d9ef">values</span>(<span style="color:#e6db74">&#39;102&#39;</span>,<span style="color:#e6db74">&#39;钱军&#39;</span>,<span style="color:#e6db74">&#39;女&#39;</span>,<span style="color:#e6db74">&#39;1968-06-04&#39;</span>,<span style="color:#e6db74">&#39;CS&#39;</span>);
<span style="color:#66d9ef">insert</span> <span style="color:#66d9ef">into</span> Teacher <span style="color:#66d9ef">values</span>(<span style="color:#e6db74">&#39;201&#39;</span>,<span style="color:#e6db74">&#39;王小花&#39;</span>,<span style="color:#e6db74">&#39;女&#39;</span>,<span style="color:#e6db74">&#39;1979-12-23&#39;</span>,<span style="color:#e6db74">&#39;IS&#39;</span>);
<span style="color:#66d9ef">insert</span> <span style="color:#66d9ef">into</span> Teacher <span style="color:#66d9ef">values</span>(<span style="color:#e6db74">&#39;202&#39;</span>,<span style="color:#e6db74">&#39;张小青&#39;</span>,<span style="color:#e6db74">&#39;男&#39;</span>,<span style="color:#e6db74">&#39;1968-08-25&#39;</span>,<span style="color:#e6db74">&#39;IS&#39;</span>);

<span style="color:#66d9ef">insert</span> <span style="color:#66d9ef">into</span> Teaching <span style="color:#66d9ef">values</span>(<span style="color:#e6db74">&#39;C01&#39;</span>,<span style="color:#e6db74">&#39;101&#39;</span>,<span style="color:#e6db74">&#39;2&#39;</span>);
<span style="color:#66d9ef">insert</span> <span style="color:#66d9ef">into</span> Teaching <span style="color:#66d9ef">values</span>(<span style="color:#e6db74">&#39;C02&#39;</span>,<span style="color:#e6db74">&#39;102&#39;</span>,<span style="color:#e6db74">&#39;1&#39;</span>);
<span style="color:#66d9ef">insert</span> <span style="color:#66d9ef">into</span> Teaching <span style="color:#66d9ef">values</span>(<span style="color:#e6db74">&#39;C03&#39;</span>,<span style="color:#e6db74">&#39;201&#39;</span>,<span style="color:#e6db74">&#39;3&#39;</span>);
<span style="color:#66d9ef">insert</span> <span style="color:#66d9ef">into</span> Teaching <span style="color:#66d9ef">values</span>(<span style="color:#e6db74">&#39;C04&#39;</span>,<span style="color:#e6db74">&#39;202&#39;</span>,<span style="color:#e6db74">&#39;4&#39;</span>);


<span style="color:#66d9ef">select</span> <span style="color:#f92672">*</span> <span style="color:#66d9ef">from</span> Student <span style="color:#66d9ef">where</span> Ssex<span style="color:#f92672">=</span><span style="color:#e6db74">&#39;男&#39;</span>;
<span style="color:#f92672">#</span><span style="color:#66d9ef">SELECT</span> <span style="color:#66d9ef">YEAR</span>(<span style="color:#66d9ef">CURRENT_TIMESTAMP</span>) <span style="color:#f92672">-</span> <span style="color:#66d9ef">YEAR</span>(Sbirthday) <span style="color:#f92672">-</span> (<span style="color:#66d9ef">RIGHT</span>(<span style="color:#66d9ef">CURRENT_TIMESTAMP</span>, <span style="color:#ae81ff">5</span>) <span style="color:#f92672">&lt;</span> <span style="color:#66d9ef">RIGHT</span>(Sbirthday, <span style="color:#ae81ff">5</span>)) <span style="color:#66d9ef">as</span> age    <span style="color:#66d9ef">FROM</span> Student;

<span style="color:#f92672">#</span><span style="color:#66d9ef">SELECT</span> <span style="color:#66d9ef">YEAR</span>(<span style="color:#66d9ef">CURRENT_TIMESTAMP</span>) <span style="color:#f92672">-</span> <span style="color:#66d9ef">YEAR</span>(Sbirthday) <span style="color:#f92672">-</span> (<span style="color:#66d9ef">RIGHT</span>(<span style="color:#66d9ef">CURRENT_TIMESTAMP</span>, <span style="color:#ae81ff">5</span>) <span style="color:#f92672">&lt;</span> <span style="color:#66d9ef">RIGHT</span>(Sbirthday, <span style="color:#ae81ff">5</span>)) <span style="color:#66d9ef">as</span> age <span style="color:#66d9ef">FROM</span> Student;

<span style="color:#66d9ef">select</span> Sno,Sname,<span style="color:#66d9ef">YEAR</span>(<span style="color:#66d9ef">CURRENT_TIMESTAMP</span>) <span style="color:#f92672">-</span> <span style="color:#66d9ef">YEAR</span>(Sbirthday) <span style="color:#f92672">-</span> (<span style="color:#66d9ef">RIGHT</span>(<span style="color:#66d9ef">CURRENT_TIMESTAMP</span>, <span style="color:#ae81ff">5</span>) <span style="color:#f92672">&lt;</span> <span style="color:#66d9ef">RIGHT</span>(Sbirthday, <span style="color:#ae81ff">5</span>)) <span style="color:#66d9ef">as</span> age <span style="color:#66d9ef">from</span> Student <span style="color:#66d9ef">where</span> (<span style="color:#66d9ef">YEAR</span>(<span style="color:#66d9ef">CURRENT_TIMESTAMP</span>) <span style="color:#f92672">-</span> <span style="color:#66d9ef">YEAR</span>(Sbirthday) <span style="color:#f92672">-</span> (<span style="color:#66d9ef">RIGHT</span>(<span style="color:#66d9ef">CURRENT_TIMESTAMP</span>, <span style="color:#ae81ff">5</span>) <span style="color:#f92672">&lt;</span> <span style="color:#66d9ef">RIGHT</span>(Sbirthday, <span style="color:#ae81ff">5</span>))) <span style="color:#f92672">&gt;</span> <span style="color:#ae81ff">24</span>;

<span style="color:#66d9ef">select</span> Tname,Tdept <span style="color:#66d9ef">FROM</span> Teacher;


<span style="color:#66d9ef">select</span> Sname,Ssex,Sbirthday <span style="color:#66d9ef">from</span> Student <span style="color:#66d9ef">where</span> Speciality<span style="color:#f92672">=</span><span style="color:#e6db74">&#34;电子商务&#34;</span>;


<span style="color:#66d9ef">select</span> Sno,Cno <span style="color:#66d9ef">from</span> SC <span style="color:#66d9ef">where</span> Degree<span style="color:#f92672">&lt;</span><span style="color:#ae81ff">90</span> <span style="color:#66d9ef">order</span> <span style="color:#66d9ef">by</span> Degree <span style="color:#66d9ef">desc</span>;

<span style="color:#66d9ef">select</span> Sdept <span style="color:#66d9ef">from</span> Student;
<span style="color:#66d9ef">select</span> Cterm <span style="color:#66d9ef">FROM</span> Teaching <span style="color:#66d9ef">where</span> Cno<span style="color:#f92672">=</span><span style="color:#e6db74">&#34;C01&#34;</span>;

<span style="color:#66d9ef">select</span> Sno,Cno <span style="color:#66d9ef">from</span> SC <span style="color:#66d9ef">where</span> Degree <span style="color:#66d9ef">between</span> <span style="color:#ae81ff">80</span> <span style="color:#66d9ef">and</span> <span style="color:#ae81ff">90</span>;



<span style="color:#66d9ef">select</span> <span style="color:#66d9ef">Count</span>( <span style="color:#66d9ef">DISTINCT</span> Cno) <span style="color:#66d9ef">FROM</span> SC;


<span style="color:#66d9ef">select</span> <span style="color:#f92672">*</span> <span style="color:#66d9ef">from</span> SC <span style="color:#66d9ef">where</span> Degree<span style="color:#f92672">=</span><span style="color:#ae81ff">77</span> <span style="color:#66d9ef">or</span> Degree<span style="color:#f92672">=</span><span style="color:#ae81ff">88</span> <span style="color:#66d9ef">OR</span> Degree<span style="color:#f92672">=</span><span style="color:#ae81ff">99</span>;

<span style="color:#66d9ef">SELECT</span> <span style="color:#66d9ef">avg</span>(Degree) <span style="color:#66d9ef">from</span> SC <span style="color:#66d9ef">where</span> Cno<span style="color:#f92672">=</span><span style="color:#e6db74">&#34;C02&#34;</span>;

<span style="color:#66d9ef">select</span> Sno <span style="color:#66d9ef">from</span> SC <span style="color:#66d9ef">where</span> Degree <span style="color:#66d9ef">IS</span> <span style="color:#66d9ef">NOT</span> <span style="color:#66d9ef">NULL</span>;

<span style="color:#66d9ef">SELECT</span> <span style="color:#f92672">*</span> <span style="color:#66d9ef">from</span> Student <span style="color:#66d9ef">where</span> Sname <span style="color:#66d9ef">like</span> <span style="color:#e6db74">&#34;刘%&#34;</span>;

<span style="color:#66d9ef">select</span> Sdept,<span style="color:#66d9ef">Count</span>(<span style="color:#66d9ef">DISTINCT</span> Sno) <span style="color:#66d9ef">from</span> Student <span style="color:#66d9ef">group</span> <span style="color:#66d9ef">by</span> Sdept;

<span style="color:#66d9ef">select</span> <span style="color:#f92672">*</span> <span style="color:#66d9ef">FROM</span> SC <span style="color:#66d9ef">where</span> Cno<span style="color:#f92672">=</span><span style="color:#e6db74">&#34;C03&#34;</span> <span style="color:#66d9ef">order</span> <span style="color:#66d9ef">BY</span> Degree <span style="color:#66d9ef">desc</span>;

<span style="color:#66d9ef">select</span> Cno,<span style="color:#66d9ef">Count</span>(<span style="color:#66d9ef">DISTINCT</span> Sno) <span style="color:#66d9ef">as</span> <span style="color:#960050;background-color:#1e0010">人数</span> <span style="color:#66d9ef">from</span> SC <span style="color:#66d9ef">group</span> <span style="color:#66d9ef">by</span> Cno;

<span style="color:#66d9ef">select</span> <span style="color:#66d9ef">Count</span>(<span style="color:#66d9ef">DISTINCT</span> Sno) <span style="color:#66d9ef">as</span> <span style="color:#960050;background-color:#1e0010">人数</span>,<span style="color:#66d9ef">max</span>(Degree)  <span style="color:#66d9ef">from</span> SC <span style="color:#66d9ef">group</span> <span style="color:#66d9ef">by</span> Cno;

<span style="color:#66d9ef">SELECT</span> <span style="color:#66d9ef">count</span>(Cno) <span style="color:#66d9ef">as</span> <span style="color:#960050;background-color:#1e0010">门数</span>,<span style="color:#66d9ef">sum</span>(Degree) <span style="color:#66d9ef">as</span> <span style="color:#960050;background-color:#1e0010">总成绩</span> <span style="color:#66d9ef">FROM</span> SC <span style="color:#66d9ef">group</span> <span style="color:#66d9ef">BY</span> Cno <span style="color:#66d9ef">HAVING</span> <span style="color:#66d9ef">order</span> <span style="color:#66d9ef">by</span> <span style="color:#66d9ef">count</span>(Cno) <span style="color:#66d9ef">desc</span>;</code></pre></div>]]></content>
        </item>
        
        <item>
            <title>five oceans english name</title>
            <link>/posts/2019/05/five-oceans-english-name/</link>
            <pubDate>Sat, 04 May 2019 00:00:00 +0000</pubDate>
            
            <guid>/posts/2019/05/five-oceans-english-name/</guid>
            <description>Arctic Ocean Atlantic Ocean Indian Ocean Pacific Ocean Southern Ocean</description>
            <content type="html"><![CDATA[<p>Arctic Ocean
Atlantic Ocean
Indian Ocean
Pacific Ocean
Southern Ocean</p>
]]></content>
        </item>
        
        <item>
            <title>shell bash Generalizations test on codecademy</title>
            <link>/posts/2019/05/shell-bash-generalizations-test-on-codecademy/</link>
            <pubDate>Sat, 04 May 2019 00:00:00 +0000</pubDate>
            
            <guid>/posts/2019/05/shell-bash-generalizations-test-on-codecademy/</guid>
            <description>pwd #outputs the name of the current working directory. ls #lists all files and directories in the working directory. cd #switches you into the directory you specify. mkdir #creates a new directory in the working directory. touch #creates a new file inside the working directory. list -a #- lists all contents, including hidden files and directories -l #- lists all contents of a directory in long format -t #- order files and directories by the time they were last modified.</description>
            <content type="html"><![CDATA[<div class="highlight"><pre style="color:#f8f8f2;background-color:#272822;-moz-tab-size:4;-o-tab-size:4;tab-size:4"><code class="language-shell" data-lang="shell">pwd 
<span style="color:#75715e">#outputs the name of the current working directory.</span>

ls 
<span style="color:#75715e">#lists all files and directories in the working directory.</span>

cd 
<span style="color:#75715e">#switches you into the directory you specify.</span>

mkdir 
<span style="color:#75715e">#creates a new directory in the working directory.</span>

touch 
<span style="color:#75715e">#creates a new file inside the working directory.</span>

list
-a 
<span style="color:#75715e">#- lists all contents, including hidden files and directories</span>
-l 
<span style="color:#75715e">#- lists all contents of a directory in long format</span>
-t 
<span style="color:#75715e">#- order files and directories by the time they were last modified.</span>

Wildcards
*

cp
mv
rm
rm-r


mv

mv superman.txt superhero/

mv wonderwoman.txt batman.txt superhero/


mv batman.txt spiderman.txt

rm 
<span style="color:#75715e"># command deletes files and directories</span>

rm -r
<span style="color:#75715e"># recursive</span>





standard input, abbreviated as stdin
standard output, abbreviated as stdout
standard error, abbreviated as stderr

Redirection

cat &gt; 

concatenate

cat glaciers.txt &gt;&gt; rivers.txt 



&gt;  #
&gt;&gt;  <span style="color:#75715e">#contain the original contents</span>
&lt; <span style="color:#75715e">#on screen</span>

cat &lt; lakes.txt 


| is a “pipe” command to command



cat volcanoes.txt | wc


wordcount计数
lines, words, and characters in volcanoes.txt, respectively.

cat volcanoes.txt | wc | cat &gt; islands.txt 

sort


sort lakes.txt 


cat lakes.txt | sort &gt; sorted-lakes.txt 



sort 
<span style="color:#75715e">#takes the standard input and orders it alphabetically for the standard output.</span> 

unip 

uniq deserts.txt 

sort deserts.txt | uniq 

sort deserts.txt | uniq &gt; uniq-deserts.txt 
<span style="color:#75715e">#filters out adjacent, duplicate lines in a file</span>

grep 
<span style="color:#75715e">#stands for “global regular expression print” it searches files for lines that match a pattern and returns the results.</span>
 grep Mount mountains.txt 


grep -i 不区分大小写

 grep -i Mount mountains.txt
enables the command to be <span style="color:#66d9ef">case</span> insensitive

grep -R searches all files in a directory and outputs filenames and lines containing matched results. -R stands <span style="color:#66d9ef">for</span> “recursive”. 

grep -R1 在上一条的基础上只显示出 文件名

sed <span style="color:#e6db74">&#39;s/snow/rain/&#39;</span>

stream editor 

s substitution 
snow 替换成 rain
sed <span style="color:#e6db74">&#39;s/snow/rain/g&#39;</span> forests.txt  一行若多个全换



REDIRECTION
Generalizations
Congratulations! You learned how to use the command line to redirect standard input and standard output. What can we generalize so far?

Redirection reroutes standard input, standard output, and standard error.

The common redirection commands are:

&gt; redirects standard output of a command to a file, overwriting previous content.
&gt;&gt; redirects standard output of a command to a file, appending new content to old content.
&lt; redirects standard input to a command.
| redirects standard output of a command to another command.
A number of other commands are powerful when combined with redirection commands:

sort: sorts lines of text alphabetically.
uniq: filters duplicate, adjacent lines of text.
grep: searches <span style="color:#66d9ef">for</span> a text pattern and outputs it.
sed : searches <span style="color:#66d9ef">for</span> a text pattern, modifies it, and outputs it.


nano ~/.bash_profile


The ~ represents the user’s home directory.
The . indicates a hidden file.

source ~/.bash_profile
当前窗口

alias pd<span style="color:#f92672">=</span><span style="color:#e6db74">&#34;pwd&#34;</span>
<span style="color:#75715e">#The alias command allows you to create keyboard shortcuts, or aliases, for commonly used commands.</span>


export USER<span style="color:#f92672">=</span><span style="color:#e6db74">&#34;Jane Doe&#34;</span>


export PS1<span style="color:#f92672">=</span><span style="color:#e6db74">&#34;&gt;&gt; &#34;</span>
<span style="color:#75715e"># sets the command prompt variable and exports the variable. Here we change the default command prompt from $ to &gt;&gt;.</span>



 The beginning of your script file should start with 
 <span style="color:#75715e">#!/bin/bash
</span><span style="color:#75715e"></span>
 <span style="color:#75715e"># on its own line. This tells the computer which type of interpreter to use for the script. When saving the script file, it is good practice to place commonly used scripts in the ~/bin/ directory.</span>


 chmod +x script.sh


 Equal: -eq
Not equal: -ne
Less than or equal: -le
Less than: -lt
Greater than or equal: -ge
Greater than: -gt
Is null: -z

Equal: <span style="color:#f92672">==</span>
Not equal: !<span style="color:#f92672">=</span>


<span style="color:#66d9ef">if</span> <span style="color:#f92672">[</span> $index -lt <span style="color:#ae81ff">5</span> <span style="color:#f92672">]</span>
<span style="color:#66d9ef">then</span>
  echo $index
<span style="color:#66d9ef">else</span>
  echo <span style="color:#ae81ff">5</span>
<span style="color:#66d9ef">fi</span>



<span style="color:#66d9ef">for</span> word in $paragraph
<span style="color:#66d9ef">do</span>
  echo $word
<span style="color:#66d9ef">done</span>



<span style="color:#66d9ef">while</span> <span style="color:#f92672">[</span> $index -lt <span style="color:#ae81ff">5</span> <span style="color:#f92672">]</span>
<span style="color:#66d9ef">do</span>
  echo $index
  index<span style="color:#f92672">=</span><span style="color:#66d9ef">$((</span>index <span style="color:#f92672">+</span> <span style="color:#ae81ff">1</span><span style="color:#66d9ef">))</span>
<span style="color:#66d9ef">done</span>



<span style="color:#66d9ef">until</span> <span style="color:#f92672">[</span> $index -eq <span style="color:#ae81ff">5</span> <span style="color:#f92672">]</span>
<span style="color:#66d9ef">do</span>
  echo $index
  index<span style="color:#f92672">=</span><span style="color:#66d9ef">$((</span>index <span style="color:#f92672">+</span> <span style="color:#ae81ff">1</span><span style="color:#66d9ef">))</span>
<span style="color:#66d9ef">done</span>




<span style="color:#75715e">#!/bin/bash
</span><span style="color:#75715e"></span>first_greeting<span style="color:#f92672">=</span><span style="color:#e6db74">&#34;Nice to meet you!&#34;</span>
later_greeting<span style="color:#f92672">=</span><span style="color:#e6db74">&#34;How are you?&#34;</span>
greeting_occasion<span style="color:#f92672">=</span><span style="color:#ae81ff">0</span>
echo <span style="color:#e6db74">&#34;How many times should I greet?&#34;</span>
read greeting_limit
<span style="color:#66d9ef">while</span> <span style="color:#f92672">[</span> $greeting_occasion -lt $greeting_limit <span style="color:#f92672">]</span>
<span style="color:#66d9ef">do</span>
  <span style="color:#66d9ef">if</span> <span style="color:#f92672">[</span> $greeting_occasion -lt <span style="color:#ae81ff">1</span> <span style="color:#f92672">]</span>
  <span style="color:#66d9ef">then</span>
    echo $first_greeting
  <span style="color:#66d9ef">else</span>
    echo $later_greeting
  <span style="color:#66d9ef">fi</span>
  greeting_occasion<span style="color:#f92672">=</span><span style="color:#66d9ef">$((</span>greeting_occasion <span style="color:#f92672">+</span> <span style="color:#ae81ff">1</span><span style="color:#66d9ef">))</span>
<span style="color:#66d9ef">done</span>
 </code></pre></div>]]></content>
        </item>
        
        <item>
            <title>MySQL 01 class exercise</title>
            <link>/posts/2019/04/mysql-01-class-exercise/</link>
            <pubDate>Sun, 28 Apr 2019 00:00:00 +0000</pubDate>
            
            <guid>/posts/2019/04/mysql-01-class-exercise/</guid>
            <description>CREATE TABLE Student( Sno Char(20) NOT NULL PRIMARY KEY COMMENT &amp;#39;学号，主码&amp;#39;, Sname Varchar(18) COMMENT &amp;#39;姓名&amp;#39;, Ssex Char(2) COMMENT &amp;#39;性别，取值：男或女&amp;#39;, Sbirthday DATE COMMENT &amp;#39;出生日期&amp;#39;, Sdept Char(16) COMMENT &amp;#39;系名&amp;#39; , Speciality Varchar(20) COMMENT&amp;#39;专业名&amp;#39; )character set = utf8mb4; create table Course( Cno char(5) NOT NULL PRIMARY KEY COMMENT &amp;#39;课程号，主码&amp;#39;, Cname Varchar(20) NOT NULL COMMENT &amp;#39;课程名&amp;#39; )character set = utf8mb4; create table SC( Sno char(10) COMMENT&amp;#39;学号，外码&amp;#39;, Cno char(5) COMMENT &amp;#39;课程号，外码&amp;#39;, Degree Decimal(5) COMMENT &amp;#39;成绩，0~100&amp;#39;, FOREIGN KEY(Sno) REFERENCES Student(Sno), FOREIGN KEY(Cno) REFERENCES Course(Cno) )character set = utf8mb4; mysqldump jxgl&amp;gt;/root/13.</description>
            <content type="html"><![CDATA[<div class="highlight"><pre style="color:#f8f8f2;background-color:#272822;-moz-tab-size:4;-o-tab-size:4;tab-size:4"><code class="language-sql" data-lang="sql"><span style="color:#66d9ef">CREATE</span> <span style="color:#66d9ef">TABLE</span> Student(
Sno Char(<span style="color:#ae81ff">20</span>) <span style="color:#66d9ef">NOT</span> <span style="color:#66d9ef">NULL</span> <span style="color:#66d9ef">PRIMARY</span> <span style="color:#66d9ef">KEY</span> <span style="color:#66d9ef">COMMENT</span> <span style="color:#e6db74">&#39;学号，主码&#39;</span>,
Sname Varchar(<span style="color:#ae81ff">18</span>) <span style="color:#66d9ef">COMMENT</span> <span style="color:#e6db74">&#39;姓名&#39;</span>,
Ssex Char(<span style="color:#ae81ff">2</span>) <span style="color:#66d9ef">COMMENT</span> <span style="color:#e6db74">&#39;性别，取值：男或女&#39;</span>,
Sbirthday DATE <span style="color:#66d9ef">COMMENT</span> <span style="color:#e6db74">&#39;出生日期&#39;</span>,
Sdept Char(<span style="color:#ae81ff">16</span>) <span style="color:#66d9ef">COMMENT</span> <span style="color:#e6db74">&#39;系名&#39;</span> ,
Speciality Varchar(<span style="color:#ae81ff">20</span>) <span style="color:#66d9ef">COMMENT</span><span style="color:#e6db74">&#39;专业名&#39;</span>
)character <span style="color:#66d9ef">set</span> <span style="color:#f92672">=</span> utf8mb4;


<span style="color:#66d9ef">create</span> <span style="color:#66d9ef">table</span> Course(
Cno char(<span style="color:#ae81ff">5</span>) <span style="color:#66d9ef">NOT</span> <span style="color:#66d9ef">NULL</span> <span style="color:#66d9ef">PRIMARY</span> <span style="color:#66d9ef">KEY</span> <span style="color:#66d9ef">COMMENT</span> <span style="color:#e6db74">&#39;课程号，主码&#39;</span>,
Cname Varchar(<span style="color:#ae81ff">20</span>) <span style="color:#66d9ef">NOT</span> <span style="color:#66d9ef">NULL</span> <span style="color:#66d9ef">COMMENT</span> <span style="color:#e6db74">&#39;课程名&#39;</span>
)character <span style="color:#66d9ef">set</span> <span style="color:#f92672">=</span> utf8mb4;


<span style="color:#66d9ef">create</span> <span style="color:#66d9ef">table</span> SC(
Sno char(<span style="color:#ae81ff">10</span>) <span style="color:#66d9ef">COMMENT</span><span style="color:#e6db74">&#39;学号，外码&#39;</span>,
Cno char(<span style="color:#ae81ff">5</span>) <span style="color:#66d9ef">COMMENT</span> <span style="color:#e6db74">&#39;课程号，外码&#39;</span>,
Degree Decimal(<span style="color:#ae81ff">5</span>) <span style="color:#66d9ef">COMMENT</span> <span style="color:#e6db74">&#39;成绩，0~100&#39;</span>,
<span style="color:#66d9ef">FOREIGN</span> <span style="color:#66d9ef">KEY</span>(Sno) <span style="color:#66d9ef">REFERENCES</span> Student(Sno),
<span style="color:#66d9ef">FOREIGN</span> <span style="color:#66d9ef">KEY</span>(Cno) <span style="color:#66d9ef">REFERENCES</span> Course(Cno)
)character <span style="color:#66d9ef">set</span> <span style="color:#f92672">=</span> utf8mb4;


mysqldump jxgl<span style="color:#f92672">&gt;/</span>root<span style="color:#f92672">/</span><span style="color:#ae81ff">13</span>.<span style="color:#66d9ef">sql</span></code></pre></div>]]></content>
        </item>
        
        <item>
            <title>MySQL 02 class exercise</title>
            <link>/posts/2019/04/mysql-02-class-exercise/</link>
            <pubDate>Sun, 28 Apr 2019 00:00:00 +0000</pubDate>
            
            <guid>/posts/2019/04/mysql-02-class-exercise/</guid>
            <description>alter table Student add jiguan varchar(20) NOT NULL; alter table Student change jiguan jg varchar(20); alter table Student drop jg; alter table Student modify Sdept char(20); ALTER TABLE Student ADD PRIMARY key Sno; alter table Course add primary key Cno; alter table SC add foreign key (Sno) referenceS Student(Sno);alter table SC add foreign key (Cno) referenceS Course(Cno); insert into Student values(&amp;#39;20150101&amp;#39;,&amp;#39;李勇&amp;#39;,&amp;#39;男&amp;#39;,&amp;#39;1987-01-12&amp;#39;,&amp;#39;CS&amp;#39;,&amp;#39;计算机应用&amp;#39;); insert into Student values(&amp;#39;20150201&amp;#39;,&amp;#39;刘晨&amp;#39;,&amp;#39;女&amp;#39;,&amp;#39;1988-06-04&amp;#39;,&amp;#39;IS&amp;#39;,&amp;#39;电子商务&amp;#39;); insert into Student values(&amp;#39;20050301&amp;#39;,&amp;#39;王敏&amp;#39;,&amp;#39;女&amp;#39;,&amp;#39;1989-12-23&amp;#39;,&amp;#39;MA&amp;#39;,&amp;#39;数学&amp;#39;); insert into Student values(&amp;#39;20050202&amp;#39;,&amp;#39;张立&amp;#39;,&amp;#39;男&amp;#39;,&amp;#39;1988-08-25&amp;#39;,&amp;#39;IS&amp;#39;,&amp;#39;电子商务&amp;#39;); insert into Course values(&amp;#39;C01&amp;#39;,&amp;#39;数据库&amp;#39;); insert into Course values(&amp;#39;C02&amp;#39;,&amp;#39;数学&amp;#39;); insert into Course values(&amp;#39;C03&amp;#39;,&amp;#39;信息系统&amp;#39;); insert into Course values(&amp;#39;C04&amp;#39;, &amp;#39;操作系统&amp;#39;); insert into SC values(&amp;#39;20050101&amp;#39;,&amp;#39;C01&amp;#39;,&amp;#39;92&amp;#39;); insert into SC values(&amp;#39;20050101&amp;#39;,&amp;#39;C02&amp;#39;,&amp;#39;85&amp;#39;); insert into SC values(&amp;#39;20050101&amp;#39;,&amp;#39;C03&amp;#39;,&amp;#39;88&amp;#39;); insert into SC values(&amp;#39;20050201&amp;#39;,&amp;#39;C02&amp;#39;,&amp;#39;90&amp;#39;); insert into SC values(&amp;#39;20050201&amp;#39;,&amp;#39;C03&amp;#39;,&amp;#39;80&amp;#39;); insert into SC values(&amp;#39;20050301&amp;#39;,&amp;#39;C01&amp;#39;,&amp;#39;91&amp;#39;); insert into SC values(&amp;#39;20050301&amp;#39;,&amp;#39;C02&amp;#39;,&amp;#39;75&amp;#39;); insert into SC values(&amp;#39;20050202&amp;#39;,&amp;#39;C01&amp;#39;,&amp;#39;87&amp;#39;); ALTER TABLE Student CONVERT TO CHARACTER SET utf8; utf8mb4 utf8mb4_unicode_ci set names utf8mb4; alter table Student default character set utf8mb4; alter table Student change Sname Sname varchar(8) character set utf8mb4; show create table Student; alter table Student modify Sno char(20) character set utf8mb4; alter table Student modify Sname varchar(8) character set utf8mb4; alter table Student modify Ssex char(20) character set utf8mb4; alter table Student modify Sbirthday date character set utf8mb4; alter table Student modify Sdept char(160) character set utf8mb4; alter table Student modify Speciality varchar(200) character set utf8mb4; SET FOREIGN_KEY_CHECKS=0 SET FOREIGN_KEY_CHECKS=1 update SC set Degree=Degree+5; update SC set Degree=Degree+5; delete from SC where Cno=&amp;#39;C02&amp;#39;; select * from SC; /var/lib/mysql/jxgl</description>
            <content type="html"><![CDATA[<div class="highlight"><pre style="color:#f8f8f2;background-color:#272822;-moz-tab-size:4;-o-tab-size:4;tab-size:4"><code class="language-sql" data-lang="sql"><span style="color:#66d9ef">alter</span> <span style="color:#66d9ef">table</span> Student <span style="color:#66d9ef">add</span> jiguan varchar(<span style="color:#ae81ff">20</span>) <span style="color:#66d9ef">NOT</span> <span style="color:#66d9ef">NULL</span>;
<span style="color:#66d9ef">alter</span> <span style="color:#66d9ef">table</span> Student change jiguan jg varchar(<span style="color:#ae81ff">20</span>);
<span style="color:#66d9ef">alter</span> <span style="color:#66d9ef">table</span> Student <span style="color:#66d9ef">drop</span> jg;
<span style="color:#66d9ef">alter</span> <span style="color:#66d9ef">table</span> Student <span style="color:#66d9ef">modify</span> Sdept char(<span style="color:#ae81ff">20</span>);
<span style="color:#66d9ef">ALTER</span> <span style="color:#66d9ef">TABLE</span> Student <span style="color:#66d9ef">ADD</span> <span style="color:#66d9ef">PRIMARY</span> <span style="color:#66d9ef">key</span> Sno;
<span style="color:#66d9ef">alter</span> <span style="color:#66d9ef">table</span> Course <span style="color:#66d9ef">add</span> <span style="color:#66d9ef">primary</span> <span style="color:#66d9ef">key</span> Cno;
<span style="color:#66d9ef">alter</span> <span style="color:#66d9ef">table</span> SC <span style="color:#66d9ef">add</span> <span style="color:#66d9ef">foreign</span> <span style="color:#66d9ef">key</span> (Sno) <span style="color:#66d9ef">referenceS</span> Student(Sno);<span style="color:#66d9ef">alter</span> <span style="color:#66d9ef">table</span> SC <span style="color:#66d9ef">add</span> <span style="color:#66d9ef">foreign</span> <span style="color:#66d9ef">key</span> (Cno) <span style="color:#66d9ef">referenceS</span> Course(Cno);
<span style="color:#66d9ef">insert</span> <span style="color:#66d9ef">into</span> Student <span style="color:#66d9ef">values</span>(<span style="color:#e6db74">&#39;20150101&#39;</span>,<span style="color:#e6db74">&#39;李勇&#39;</span>,<span style="color:#e6db74">&#39;男&#39;</span>,<span style="color:#e6db74">&#39;1987-01-12&#39;</span>,<span style="color:#e6db74">&#39;CS&#39;</span>,<span style="color:#e6db74">&#39;计算机应用&#39;</span>);
<span style="color:#66d9ef">insert</span> <span style="color:#66d9ef">into</span> Student <span style="color:#66d9ef">values</span>(<span style="color:#e6db74">&#39;20150201&#39;</span>,<span style="color:#e6db74">&#39;刘晨&#39;</span>,<span style="color:#e6db74">&#39;女&#39;</span>,<span style="color:#e6db74">&#39;1988-06-04&#39;</span>,<span style="color:#e6db74">&#39;IS&#39;</span>,<span style="color:#e6db74">&#39;电子商务&#39;</span>);
<span style="color:#66d9ef">insert</span> <span style="color:#66d9ef">into</span> Student <span style="color:#66d9ef">values</span>(<span style="color:#e6db74">&#39;20050301&#39;</span>,<span style="color:#e6db74">&#39;王敏&#39;</span>,<span style="color:#e6db74">&#39;女&#39;</span>,<span style="color:#e6db74">&#39;1989-12-23&#39;</span>,<span style="color:#e6db74">&#39;MA&#39;</span>,<span style="color:#e6db74">&#39;数学&#39;</span>);
<span style="color:#66d9ef">insert</span> <span style="color:#66d9ef">into</span> Student <span style="color:#66d9ef">values</span>(<span style="color:#e6db74">&#39;20050202&#39;</span>,<span style="color:#e6db74">&#39;张立&#39;</span>,<span style="color:#e6db74">&#39;男&#39;</span>,<span style="color:#e6db74">&#39;1988-08-25&#39;</span>,<span style="color:#e6db74">&#39;IS&#39;</span>,<span style="color:#e6db74">&#39;电子商务&#39;</span>);



<span style="color:#66d9ef">insert</span> <span style="color:#66d9ef">into</span> Course <span style="color:#66d9ef">values</span>(<span style="color:#e6db74">&#39;C01&#39;</span>,<span style="color:#e6db74">&#39;数据库&#39;</span>);
<span style="color:#66d9ef">insert</span> <span style="color:#66d9ef">into</span> Course <span style="color:#66d9ef">values</span>(<span style="color:#e6db74">&#39;C02&#39;</span>,<span style="color:#e6db74">&#39;数学&#39;</span>);
<span style="color:#66d9ef">insert</span> <span style="color:#66d9ef">into</span> Course <span style="color:#66d9ef">values</span>(<span style="color:#e6db74">&#39;C03&#39;</span>,<span style="color:#e6db74">&#39;信息系统&#39;</span>);
<span style="color:#66d9ef">insert</span> <span style="color:#66d9ef">into</span> Course <span style="color:#66d9ef">values</span>(<span style="color:#e6db74">&#39;C04&#39;</span>, <span style="color:#e6db74">&#39;操作系统&#39;</span>);


<span style="color:#66d9ef">insert</span> <span style="color:#66d9ef">into</span> SC <span style="color:#66d9ef">values</span>(<span style="color:#e6db74">&#39;20050101&#39;</span>,<span style="color:#e6db74">&#39;C01&#39;</span>,<span style="color:#e6db74">&#39;92&#39;</span>);
<span style="color:#66d9ef">insert</span> <span style="color:#66d9ef">into</span> SC <span style="color:#66d9ef">values</span>(<span style="color:#e6db74">&#39;20050101&#39;</span>,<span style="color:#e6db74">&#39;C02&#39;</span>,<span style="color:#e6db74">&#39;85&#39;</span>);
<span style="color:#66d9ef">insert</span> <span style="color:#66d9ef">into</span> SC <span style="color:#66d9ef">values</span>(<span style="color:#e6db74">&#39;20050101&#39;</span>,<span style="color:#e6db74">&#39;C03&#39;</span>,<span style="color:#e6db74">&#39;88&#39;</span>);
<span style="color:#66d9ef">insert</span> <span style="color:#66d9ef">into</span> SC <span style="color:#66d9ef">values</span>(<span style="color:#e6db74">&#39;20050201&#39;</span>,<span style="color:#e6db74">&#39;C02&#39;</span>,<span style="color:#e6db74">&#39;90&#39;</span>);
<span style="color:#66d9ef">insert</span> <span style="color:#66d9ef">into</span> SC <span style="color:#66d9ef">values</span>(<span style="color:#e6db74">&#39;20050201&#39;</span>,<span style="color:#e6db74">&#39;C03&#39;</span>,<span style="color:#e6db74">&#39;80&#39;</span>);
<span style="color:#66d9ef">insert</span> <span style="color:#66d9ef">into</span> SC <span style="color:#66d9ef">values</span>(<span style="color:#e6db74">&#39;20050301&#39;</span>,<span style="color:#e6db74">&#39;C01&#39;</span>,<span style="color:#e6db74">&#39;91&#39;</span>);
<span style="color:#66d9ef">insert</span> <span style="color:#66d9ef">into</span> SC <span style="color:#66d9ef">values</span>(<span style="color:#e6db74">&#39;20050301&#39;</span>,<span style="color:#e6db74">&#39;C02&#39;</span>,<span style="color:#e6db74">&#39;75&#39;</span>);
<span style="color:#66d9ef">insert</span> <span style="color:#66d9ef">into</span> SC <span style="color:#66d9ef">values</span>(<span style="color:#e6db74">&#39;20050202&#39;</span>,<span style="color:#e6db74">&#39;C01&#39;</span>,<span style="color:#e6db74">&#39;87&#39;</span>);



<span style="color:#66d9ef">ALTER</span> <span style="color:#66d9ef">TABLE</span> Student <span style="color:#66d9ef">CONVERT</span> <span style="color:#66d9ef">TO</span> CHARACTER <span style="color:#66d9ef">SET</span> utf8;


utf8mb4
utf8mb4_unicode_ci

<span style="color:#66d9ef">set</span> <span style="color:#66d9ef">names</span> utf8mb4;
<span style="color:#66d9ef">alter</span> <span style="color:#66d9ef">table</span> Student <span style="color:#66d9ef">default</span> character <span style="color:#66d9ef">set</span> utf8mb4;
<span style="color:#66d9ef">alter</span> <span style="color:#66d9ef">table</span> Student change Sname Sname varchar(<span style="color:#ae81ff">8</span>) character <span style="color:#66d9ef">set</span> utf8mb4;
<span style="color:#66d9ef">show</span> <span style="color:#66d9ef">create</span> <span style="color:#66d9ef">table</span> Student;



<span style="color:#66d9ef">alter</span> <span style="color:#66d9ef">table</span> Student <span style="color:#66d9ef">modify</span> Sno char(<span style="color:#ae81ff">20</span>) character <span style="color:#66d9ef">set</span> utf8mb4;
<span style="color:#66d9ef">alter</span> <span style="color:#66d9ef">table</span> Student <span style="color:#66d9ef">modify</span> Sname varchar(<span style="color:#ae81ff">8</span>) character <span style="color:#66d9ef">set</span> utf8mb4;
<span style="color:#66d9ef">alter</span> <span style="color:#66d9ef">table</span> Student <span style="color:#66d9ef">modify</span> Ssex char(<span style="color:#ae81ff">20</span>)  character <span style="color:#66d9ef">set</span> utf8mb4;
<span style="color:#66d9ef">alter</span> <span style="color:#66d9ef">table</span> Student <span style="color:#66d9ef">modify</span> Sbirthday date character <span style="color:#66d9ef">set</span> utf8mb4;
<span style="color:#66d9ef">alter</span> <span style="color:#66d9ef">table</span> Student <span style="color:#66d9ef">modify</span> Sdept char(<span style="color:#ae81ff">160</span>) character <span style="color:#66d9ef">set</span> utf8mb4;
<span style="color:#66d9ef">alter</span> <span style="color:#66d9ef">table</span> Student <span style="color:#66d9ef">modify</span> Speciality varchar(<span style="color:#ae81ff">200</span>) character <span style="color:#66d9ef">set</span> utf8mb4;




<span style="color:#66d9ef">SET</span> FOREIGN_KEY_CHECKS<span style="color:#f92672">=</span><span style="color:#ae81ff">0</span>
<span style="color:#66d9ef">SET</span> FOREIGN_KEY_CHECKS<span style="color:#f92672">=</span><span style="color:#ae81ff">1</span>

<span style="color:#66d9ef">update</span> SC <span style="color:#66d9ef">set</span> Degree<span style="color:#f92672">=</span>Degree<span style="color:#f92672">+</span><span style="color:#ae81ff">5</span>;

<span style="color:#66d9ef">update</span> SC <span style="color:#66d9ef">set</span> Degree<span style="color:#f92672">=</span>Degree<span style="color:#f92672">+</span><span style="color:#ae81ff">5</span>;

<span style="color:#66d9ef">delete</span> <span style="color:#66d9ef">from</span> SC <span style="color:#66d9ef">where</span> Cno<span style="color:#f92672">=</span><span style="color:#e6db74">&#39;C02&#39;</span>;

 <span style="color:#66d9ef">select</span> <span style="color:#f92672">*</span> <span style="color:#66d9ef">from</span> SC;


 <span style="color:#f92672">/</span>var<span style="color:#f92672">/</span>lib<span style="color:#f92672">/</span>mysql<span style="color:#f92672">/</span>jxgl</code></pre></div>]]></content>
        </item>
        
        <item>
            <title>k3 kcp for official firm version </title>
            <link>/posts/2019/04/k3-kcp-for-official-firm-version/</link>
            <pubDate>Sun, 28 Apr 2019 00:00:00 +0000</pubDate>
            
            <guid>/posts/2019/04/k3-kcp-for-official-firm-version/</guid>
            <description>{ &amp;#34;inbound&amp;#34;: { &amp;#34;protocol&amp;#34;: &amp;#34;dokodemo-door&amp;#34;, &amp;#34;port&amp;#34;: 1234, &amp;#34;settings&amp;#34;: { &amp;#34;network&amp;#34;: &amp;#34;tcp&amp;#34;, &amp;#34;timeout&amp;#34;: 30, &amp;#34;followRedirect&amp;#34;: true } }, &amp;#34;outbound&amp;#34;: { &amp;#34;protocol&amp;#34;: &amp;#34;vmess&amp;#34;, &amp;#34;settings&amp;#34;: { &amp;#34;vnext&amp;#34;: [{ &amp;#34;address&amp;#34;: &amp;#34; &amp;#34;, // 服务器地址 &amp;#34;port&amp;#34;: 12, // 服务器端口 &amp;#34;users&amp;#34;: [ { &amp;#34;id&amp;#34;: &amp;#34; 1546546515255&amp;#34;, &amp;#34;alterId&amp;#34;: 888, &amp;#34;security&amp;#34;: &amp;#34;auto&amp;#34;, &amp;#34;level&amp;#34;: 1 } ] }] }, &amp;#34;streamSettings&amp;#34;: { &amp;#34;network&amp;#34;: &amp;#34;kcp&amp;#34;, &amp;#34;kcpSettings&amp;#34;: { &amp;#34;mtu&amp;#34;: 1350, &amp;#34;tti&amp;#34;: 20, &amp;#34;uplinkCapacity&amp;#34;: 5, &amp;#34;downlinkCapacity&amp;#34;: 100, &amp;#34;congestion&amp;#34;: true, &amp;#34;readBufferSize&amp;#34;: 1, &amp;#34;writeBufferSize&amp;#34;: 1, &amp;#34;header&amp;#34;: { &amp;#34;type&amp;#34;: &amp;#34;none&amp;#34; } } } } }</description>
            <content type="html"><![CDATA[<div class="highlight"><pre style="color:#f8f8f2;background-color:#272822;-moz-tab-size:4;-o-tab-size:4;tab-size:4"><code class="language-JSON" data-lang="JSON">{
  <span style="color:#f92672">&#34;inbound&#34;</span>: {
    <span style="color:#f92672">&#34;protocol&#34;</span>: <span style="color:#e6db74">&#34;dokodemo-door&#34;</span>,
    <span style="color:#f92672">&#34;port&#34;</span>: <span style="color:#ae81ff">1234</span>,  
    <span style="color:#f92672">&#34;settings&#34;</span>: {
    <span style="color:#f92672">&#34;network&#34;</span>: <span style="color:#e6db74">&#34;tcp&#34;</span>,
    <span style="color:#f92672">&#34;timeout&#34;</span>: <span style="color:#ae81ff">30</span>,
    <span style="color:#f92672">&#34;followRedirect&#34;</span>: <span style="color:#66d9ef">true</span>
    }
  },
  <span style="color:#f92672">&#34;outbound&#34;</span>: {
    <span style="color:#f92672">&#34;protocol&#34;</span>: <span style="color:#e6db74">&#34;vmess&#34;</span>,
    <span style="color:#f92672">&#34;settings&#34;</span>: {
      <span style="color:#f92672">&#34;vnext&#34;</span>: [{
        <span style="color:#f92672">&#34;address&#34;</span>: <span style="color:#e6db74">&#34;     &#34;</span>, <span style="color:#960050;background-color:#1e0010">//</span> <span style="color:#960050;background-color:#1e0010">服务器地址</span>
        <span style="color:#f92672">&#34;port&#34;</span>:    <span style="color:#ae81ff">12</span>,  <span style="color:#960050;background-color:#1e0010">//</span> <span style="color:#960050;background-color:#1e0010">服务器端口</span>
  <span style="color:#f92672">&#34;users&#34;</span>: [
        {
          <span style="color:#f92672">&#34;id&#34;</span>: <span style="color:#e6db74">&#34;  1546546515255&#34;</span>,
          <span style="color:#f92672">&#34;alterId&#34;</span>: <span style="color:#ae81ff">888</span>,
          <span style="color:#f92672">&#34;security&#34;</span>: <span style="color:#e6db74">&#34;auto&#34;</span>,
          <span style="color:#f92672">&#34;level&#34;</span>: <span style="color:#ae81ff">1</span>
        }
        ]
      }]
    }, 
   <span style="color:#f92672">&#34;streamSettings&#34;</span>: {
      <span style="color:#f92672">&#34;network&#34;</span>: <span style="color:#e6db74">&#34;kcp&#34;</span>,
      <span style="color:#f92672">&#34;kcpSettings&#34;</span>: {
        <span style="color:#f92672">&#34;mtu&#34;</span>: <span style="color:#ae81ff">1350</span>,
        <span style="color:#f92672">&#34;tti&#34;</span>: <span style="color:#ae81ff">20</span>,
        <span style="color:#f92672">&#34;uplinkCapacity&#34;</span>: <span style="color:#ae81ff">5</span>,
        <span style="color:#f92672">&#34;downlinkCapacity&#34;</span>: <span style="color:#ae81ff">100</span>,
        <span style="color:#f92672">&#34;congestion&#34;</span>: <span style="color:#66d9ef">true</span>,
        <span style="color:#f92672">&#34;readBufferSize&#34;</span>: <span style="color:#ae81ff">1</span>,
        <span style="color:#f92672">&#34;writeBufferSize&#34;</span>: <span style="color:#ae81ff">1</span>,
        <span style="color:#f92672">&#34;header&#34;</span>: {
          <span style="color:#f92672">&#34;type&#34;</span>: <span style="color:#e6db74">&#34;none&#34;</span>
        }
      }
    }
}
}</code></pre></div>]]></content>
        </item>
        
    </channel>
</rss>
