<?xml version="1.0" encoding="utf-8" standalone="yes" ?>
<rss version="2.0" xmlns:atom="http://www.w3.org/2005/Atom">
  <channel>
    <title>MySQL on </title>
    <link>/tags/mysql/</link>
    <description>Recent content in MySQL on </description>
    <generator>Hugo -- gohugo.io</generator>
    <copyright>&lt;a href=&#34;https://creativecommons.org/licenses/by-nc/4.0/&#34; target=&#34;_blank&#34; rel=&#34;noopener&#34;&gt;CC BY-NC 4.0&lt;/a&gt;</copyright>
    <lastBuildDate>Sun, 28 Apr 2019 00:00:00 +0000</lastBuildDate>
    
	<atom:link href="/tags/mysql/index.xml" rel="self" type="application/rss+xml" />
    
    
    <item>
      <title>MySQL 01 class exercise</title>
      <link>/posts/2019/04/mysql-01-class-exercise/</link>
      <pubDate>Sun, 28 Apr 2019 00:00:00 +0000</pubDate>
      
      <guid>/posts/2019/04/mysql-01-class-exercise/</guid>
      <description>CREATE TABLE Student( Sno Char(20) NOT NULL PRIMARY KEY COMMENT &amp;#39;学号，主码&amp;#39;, Sname Varchar(18) COMMENT &amp;#39;姓名&amp;#39;, Ssex Char(2) COMMENT &amp;#39;性别，取值：男或女&amp;#39;, Sbirthday DATE COMMENT &amp;#39;出生日期&amp;#39;, Sdept Char(16) COMMENT &amp;#39;系名&amp;#39; , Speciality Varchar(20) COMMENT&amp;#39;专业名&amp;#39; )character set = utf8mb4; create table Course( Cno char(5) NOT NULL PRIMARY KEY COMMENT &amp;#39;课程号，主码&amp;#39;, Cname Varchar(20) NOT NULL COMMENT &amp;#39;课程名&amp;#39; )character set = utf8mb4; create table SC( Sno char(10) COMMENT&amp;#39;学号，外码&amp;#39;, Cno char(5) COMMENT &amp;#39;课程号，外码&amp;#39;, Degree Decimal(5) COMMENT &amp;#39;成绩，0~100&amp;#39;, FOREIGN KEY(Sno) REFERENCES Student(Sno), FOREIGN KEY(Cno) REFERENCES Course(Cno) )character set = utf8mb4; mysqldump jxgl&amp;gt;/root/13.</description>
    </item>
    
    <item>
      <title>MySQL 02 class exercise</title>
      <link>/posts/2019/04/mysql-02-class-exercise/</link>
      <pubDate>Sun, 28 Apr 2019 00:00:00 +0000</pubDate>
      
      <guid>/posts/2019/04/mysql-02-class-exercise/</guid>
      <description>alter table Student add jiguan varchar(20) NOT NULL; alter table Student change jiguan jg varchar(20); alter table Student drop jg; alter table Student modify Sdept char(20); ALTER TABLE Student ADD PRIMARY key Sno; alter table Course add primary key Cno; alter table SC add foreign key (Sno) referenceS Student(Sno);alter table SC add foreign key (Cno) referenceS Course(Cno); insert into Student values(&amp;#39;20150101&amp;#39;,&amp;#39;李勇&amp;#39;,&amp;#39;男&amp;#39;,&amp;#39;1987-01-12&amp;#39;,&amp;#39;CS&amp;#39;,&amp;#39;计算机应用&amp;#39;); insert into Student values(&amp;#39;20150201&amp;#39;,&amp;#39;刘晨&amp;#39;,&amp;#39;女&amp;#39;,&amp;#39;1988-06-04&amp;#39;,&amp;#39;IS&amp;#39;,&amp;#39;电子商务&amp;#39;); insert into Student values(&amp;#39;20050301&amp;#39;,&amp;#39;王敏&amp;#39;,&amp;#39;女&amp;#39;,&amp;#39;1989-12-23&amp;#39;,&amp;#39;MA&amp;#39;,&amp;#39;数学&amp;#39;); insert into Student values(&amp;#39;20050202&amp;#39;,&amp;#39;张立&amp;#39;,&amp;#39;男&amp;#39;,&amp;#39;1988-08-25&amp;#39;,&amp;#39;IS&amp;#39;,&amp;#39;电子商务&amp;#39;); insert into Course values(&amp;#39;C01&amp;#39;,&amp;#39;数据库&amp;#39;); insert into Course values(&amp;#39;C02&amp;#39;,&amp;#39;数学&amp;#39;); insert into Course values(&amp;#39;C03&amp;#39;,&amp;#39;信息系统&amp;#39;); insert into Course values(&amp;#39;C04&amp;#39;, &amp;#39;操作系统&amp;#39;); insert into SC values(&amp;#39;20050101&amp;#39;,&amp;#39;C01&amp;#39;,&amp;#39;92&amp;#39;); insert into SC values(&amp;#39;20050101&amp;#39;,&amp;#39;C02&amp;#39;,&amp;#39;85&amp;#39;); insert into SC values(&amp;#39;20050101&amp;#39;,&amp;#39;C03&amp;#39;,&amp;#39;88&amp;#39;); insert into SC values(&amp;#39;20050201&amp;#39;,&amp;#39;C02&amp;#39;,&amp;#39;90&amp;#39;); insert into SC values(&amp;#39;20050201&amp;#39;,&amp;#39;C03&amp;#39;,&amp;#39;80&amp;#39;); insert into SC values(&amp;#39;20050301&amp;#39;,&amp;#39;C01&amp;#39;,&amp;#39;91&amp;#39;); insert into SC values(&amp;#39;20050301&amp;#39;,&amp;#39;C02&amp;#39;,&amp;#39;75&amp;#39;); insert into SC values(&amp;#39;20050202&amp;#39;,&amp;#39;C01&amp;#39;,&amp;#39;87&amp;#39;); ALTER TABLE Student CONVERT TO CHARACTER SET utf8; utf8mb4 utf8mb4_unicode_ci set names utf8mb4; alter table Student default character set utf8mb4; alter table Student change Sname Sname varchar(8) character set utf8mb4; show create table Student; alter table Student modify Sno char(20) character set utf8mb4; alter table Student modify Sname varchar(8) character set utf8mb4; alter table Student modify Ssex char(20) character set utf8mb4; alter table Student modify Sbirthday date character set utf8mb4; alter table Student modify Sdept char(160) character set utf8mb4; alter table Student modify Speciality varchar(200) character set utf8mb4; SET FOREIGN_KEY_CHECKS=0 SET FOREIGN_KEY_CHECKS=1 update SC set Degree=Degree+5; update SC set Degree=Degree+5; delete from SC where Cno=&amp;#39;C02&amp;#39;; select * from SC; /var/lib/mysql/jxgl</description>
    </item>
    
  </channel>
</rss>