<?xml version="1.0" encoding="utf-8" standalone="yes" ?>
<rss version="2.0" xmlns:atom="http://www.w3.org/2005/Atom">
  <channel>
    <title>free Google Cloud on </title>
    <link>/tags/free-google-cloud/</link>
    <description>Recent content in free Google Cloud on </description>
    <generator>Hugo -- gohugo.io</generator>
    <copyright>&lt;a href=&#34;https://creativecommons.org/licenses/by-nc/4.0/&#34; target=&#34;_blank&#34; rel=&#34;noopener&#34;&gt;CC BY-NC 4.0&lt;/a&gt;</copyright>
    <lastBuildDate>Mon, 20 May 2019 22:09:25 +0800</lastBuildDate>
    
	<atom:link href="/tags/free-google-cloud/index.xml" rel="self" type="application/rss+xml" />
    
    
    <item>
      <title>Google</title>
      <link>/posts/2019/05/google/</link>
      <pubDate>Mon, 20 May 2019 22:09:25 +0800</pubDate>
      
      <guid>/posts/2019/05/google/</guid>
      <description> 用银联卡实名注册payoneer  实名 真实  548546.com548546.com</description>
    </item>
    
  </channel>
</rss>