<?xml version="1.0" encoding="utf-8" standalone="yes" ?>
<rss version="2.0" xmlns:atom="http://www.w3.org/2005/Atom">
  <channel>
    <title>Tags on </title>
    <link>/tags/</link>
    <description>Recent content in Tags on </description>
    <generator>Hugo -- gohugo.io</generator>
    <copyright>&lt;a href=&#34;https://creativecommons.org/licenses/by-nc/4.0/&#34; target=&#34;_blank&#34; rel=&#34;noopener&#34;&gt;CC BY-NC 4.0&lt;/a&gt;</copyright>
    <lastBuildDate>Mon, 20 May 2019 22:09:25 +0800</lastBuildDate>
    
	<atom:link href="/tags/index.xml" rel="self" type="application/rss+xml" />
    
    
    <item>
      <title>free Google Cloud</title>
      <link>/tags/free-google-cloud/</link>
      <pubDate>Mon, 20 May 2019 22:09:25 +0800</pubDate>
      
      <guid>/tags/free-google-cloud/</guid>
      <description></description>
    </item>
    
    <item>
      <title>untagged</title>
      <link>/tags/untagged/</link>
      <pubDate>Mon, 20 May 2019 22:09:25 +0800</pubDate>
      
      <guid>/tags/untagged/</guid>
      <description></description>
    </item>
    
    <item>
      <title>c</title>
      <link>/tags/c/</link>
      <pubDate>Sat, 18 May 2019 00:00:00 +0000</pubDate>
      
      <guid>/tags/c/</guid>
      <description></description>
    </item>
    
    <item>
      <title>code</title>
      <link>/tags/code/</link>
      <pubDate>Sat, 18 May 2019 00:00:00 +0000</pubDate>
      
      <guid>/tags/code/</guid>
      <description></description>
    </item>
    
    <item>
      <title>shell</title>
      <link>/tags/shell/</link>
      <pubDate>Mon, 06 May 2019 00:00:00 +0000</pubDate>
      
      <guid>/tags/shell/</guid>
      <description></description>
    </item>
    
    <item>
      <title>R</title>
      <link>/tags/r/</link>
      <pubDate>Sun, 05 May 2019 00:00:00 +0000</pubDate>
      
      <guid>/tags/r/</guid>
      <description></description>
    </item>
    
    <item>
      <title>sql</title>
      <link>/tags/sql/</link>
      <pubDate>Sat, 04 May 2019 00:00:00 +0000</pubDate>
      
      <guid>/tags/sql/</guid>
      <description></description>
    </item>
    
    <item>
      <title>K3</title>
      <link>/tags/k3/</link>
      <pubDate>Sun, 28 Apr 2019 00:00:00 +0000</pubDate>
      
      <guid>/tags/k3/</guid>
      <description></description>
    </item>
    
    <item>
      <title>KCP</title>
      <link>/tags/kcp/</link>
      <pubDate>Sun, 28 Apr 2019 00:00:00 +0000</pubDate>
      
      <guid>/tags/kcp/</guid>
      <description></description>
    </item>
    
    <item>
      <title>MySQL</title>
      <link>/tags/mysql/</link>
      <pubDate>Sun, 28 Apr 2019 00:00:00 +0000</pubDate>
      
      <guid>/tags/mysql/</guid>
      <description></description>
    </item>
    
  </channel>
</rss>