<?xml version="1.0" encoding="utf-8" standalone="yes" ?>
<rss version="2.0" xmlns:atom="http://www.w3.org/2005/Atom">
  <channel>
    <title>c on </title>
    <link>/tags/c/</link>
    <description>Recent content in c on </description>
    <generator>Hugo -- gohugo.io</generator>
    <copyright>&lt;a href=&#34;https://creativecommons.org/licenses/by-nc/4.0/&#34; target=&#34;_blank&#34; rel=&#34;noopener&#34;&gt;CC BY-NC 4.0&lt;/a&gt;</copyright>
    <lastBuildDate>Sat, 18 May 2019 00:00:00 +0000</lastBuildDate>
    
	<atom:link href="/tags/c/index.xml" rel="self" type="application/rss+xml" />
    
    
    <item>
      <title>c question</title>
      <link>/posts/2019/05/c-question/</link>
      <pubDate>Sat, 18 May 2019 00:00:00 +0000</pubDate>
      
      <guid>/posts/2019/05/c-question/</guid>
      <description>\sad \as \asd
\mathring{g}
这个是格式 sagg wangzhe
   Syntax Description Test Text     Header Title Here&amp;rsquo;s this   Paragraph Text And more     dsf sfdsfsg  | |sd | | 2. * saf
\underleftarrow{AB}
% \f is defined as f(#1) using the macro \f{x} = \int_{-\infty}^\infty \hat \f\xi\,e^{2 \pi i \xi x} \,d\xi
🙈 👠 🍉
格式
$ ls -l public **total 16** -rw-r--r-- 1 quoha staff 416 Sep 29 17:02 index.</description>
    </item>
    
  </channel>
</rss>