<?xml version="1.0" encoding="utf-8" standalone="yes" ?>
<rss version="2.0" xmlns:atom="http://www.w3.org/2005/Atom">
  <channel>
    <title>sql on </title>
    <link>/tags/sql/</link>
    <description>Recent content in sql on </description>
    <generator>Hugo -- gohugo.io</generator>
    <copyright>&lt;a href=&#34;https://creativecommons.org/licenses/by-nc/4.0/&#34; target=&#34;_blank&#34; rel=&#34;noopener&#34;&gt;CC BY-NC 4.0&lt;/a&gt;</copyright>
    <lastBuildDate>Sat, 04 May 2019 00:00:00 +0000</lastBuildDate>
    
	<atom:link href="/tags/sql/index.xml" rel="self" type="application/rss+xml" />
    
    
    <item>
      <title>MySQL class exercise 3</title>
      <link>/posts/2019/05/mysql-class-exercise-3/</link>
      <pubDate>Sat, 04 May 2019 00:00:00 +0000</pubDate>
      
      <guid>/posts/2019/05/mysql-class-exercise-3/</guid>
      <description>create table Teacher( Tno char(3) NOT NULL primary key comment&amp;#39;教师号，主码&amp;#39;, Tname varchar(8) comment&amp;#39;教师名&amp;#39;, Tsex char(2) comment&amp;#39;性别，取值：男或女&amp;#39;, Tbirthday date comment&amp;#39;出生日期&amp;#39;, Tdept char(16) comment&amp;#39;所在系&amp;#39; )character set = utf8mb4; create table Teaching( Cno char(5) NOT NULL comment&amp;#39;课程号，外码&amp;#39;, Tno char(3) NOT NULL comment&amp;#39;教师号，外码&amp;#39;, Cterm Tinyint(1) comment&amp;#39;课1-8之间&amp;#39;, foreign key(Cno) REFERENCES Course(Cno), foreign key(Tno) REFERENCES Teacher(Tno) )character set = utf8mb4; insert into Teacher values(&amp;#39;101&amp;#39;,&amp;#39;李新&amp;#39;,&amp;#39;男&amp;#39;,&amp;#39;1977-01-12&amp;#39;,&amp;#39;CS&amp;#39;); insert into Teacher values(&amp;#39;102&amp;#39;,&amp;#39;钱军&amp;#39;,&amp;#39;女&amp;#39;,&amp;#39;1968-06-04&amp;#39;,&amp;#39;CS&amp;#39;); insert into Teacher values(&amp;#39;201&amp;#39;,&amp;#39;王小花&amp;#39;,&amp;#39;女&amp;#39;,&amp;#39;1979-12-23&amp;#39;,&amp;#39;IS&amp;#39;); insert into Teacher values(&amp;#39;202&amp;#39;,&amp;#39;张小青&amp;#39;,&amp;#39;男&amp;#39;,&amp;#39;1968-08-25&amp;#39;,&amp;#39;IS&amp;#39;); insert into Teaching values(&amp;#39;C01&amp;#39;,&amp;#39;101&amp;#39;,&amp;#39;2&amp;#39;); insert into Teaching values(&amp;#39;C02&amp;#39;,&amp;#39;102&amp;#39;,&amp;#39;1&amp;#39;); insert into Teaching values(&amp;#39;C03&amp;#39;,&amp;#39;201&amp;#39;,&amp;#39;3&amp;#39;); insert into Teaching values(&amp;#39;C04&amp;#39;,&amp;#39;202&amp;#39;,&amp;#39;4&amp;#39;); select * from Student where Ssex=&amp;#39;男&amp;#39;; #SELECT YEAR(CURRENT_TIMESTAMP) - YEAR(Sbirthday) - (RIGHT(CURRENT_TIMESTAMP, 5) &amp;lt; RIGHT(Sbirthday, 5)) as age FROM Student; #SELECT YEAR(CURRENT_TIMESTAMP) - YEAR(Sbirthday) - (RIGHT(CURRENT_TIMESTAMP, 5) &amp;lt; RIGHT(Sbirthday, 5)) as age FROM Student; select Sno,Sname,YEAR(CURRENT_TIMESTAMP) - YEAR(Sbirthday) - (RIGHT(CURRENT_TIMESTAMP, 5) &amp;lt; RIGHT(Sbirthday, 5)) as age from Student where (YEAR(CURRENT_TIMESTAMP) - YEAR(Sbirthday) - (RIGHT(CURRENT_TIMESTAMP, 5) &amp;lt; RIGHT(Sbirthday, 5))) &amp;gt; 24; select Tname,Tdept FROM Teacher; select Sname,Ssex,Sbirthday from Student where Speciality=&amp;#34;电子商务&amp;#34;; select Sno,Cno from SC where Degree&amp;lt;90 order by Degree desc; select Sdept from Student; select Cterm FROM Teaching where Cno=&amp;#34;C01&amp;#34;; select Sno,Cno from SC where Degree between 80 and 90; select Count( DISTINCT Cno) FROM SC; select * from SC where Degree=77 or Degree=88 OR Degree=99; SELECT avg(Degree) from SC where Cno=&amp;#34;C02&amp;#34;; select Sno from SC where Degree IS NOT NULL; SELECT * from Student where Sname like &amp;#34;刘%&amp;#34;; select Sdept,Count(DISTINCT Sno) from Student group by Sdept; select * FROM SC where Cno=&amp;#34;C03&amp;#34; order BY Degree desc; select Cno,Count(DISTINCT Sno) as 人数 from SC group by Cno; select Count(DISTINCT Sno) as 人数,max(Degree) from SC group by Cno; SELECT count(Cno) as 门数,sum(Degree) as 总成绩 FROM SC group BY Cno HAVING order by count(Cno) desc;</description>
    </item>
    
  </channel>
</rss>