<?xml version="1.0" encoding="utf-8" standalone="yes" ?>
<rss version="2.0" xmlns:atom="http://www.w3.org/2005/Atom">
  <channel>
    <title>shell on </title>
    <link>/tags/shell/</link>
    <description>Recent content in shell on </description>
    <generator>Hugo -- gohugo.io</generator>
    <copyright>&lt;a href=&#34;https://creativecommons.org/licenses/by-nc/4.0/&#34; target=&#34;_blank&#34; rel=&#34;noopener&#34;&gt;CC BY-NC 4.0&lt;/a&gt;</copyright>
    <lastBuildDate>Mon, 06 May 2019 00:00:00 +0000</lastBuildDate>
    
	<atom:link href="/tags/shell/index.xml" rel="self" type="application/rss+xml" />
    
    
    <item>
      <title>padavan  tcp v2xxx no ssh method</title>
      <link>/posts/2019/05/padavan-tcp-v2xxx-no-ssh-method/</link>
      <pubDate>Mon, 06 May 2019 00:00:00 +0000</pubDate>
      
      <guid>/posts/2019/05/padavan-tcp-v2xxx-no-ssh-method/</guid>
      <description>#!/bin/sh  apt-get update apt install nginx -y echo &amp;#34;1 1 &amp;#34; | bash &amp;lt;(curl -L -s https://opt.cn2qq.com/opt-script/v2ray.sh) cp /root/config.json /var/www/html/padavan.json1. #输入数字继续（【新安装或重新生成配置】请输入1，【更新V2Ray】请输入0，【删除V2Ray】请输入3）:1 2. #输入用户等级（自用请输入1，共享请输入0）:1 3. #输入主要端口（默认：） 4. #开启http伪装？（默认开启y） 5. #是否启用动态端口?（默认开启y） [y/n]: 6. #输入数据端口起点（默认：31392 ）: 7. #输入数据端口终点（默认：32891 ）: 8. #输入每次开放端口数（默认：9 ） 9. #输入端口变更时间（单位：分钟）（默认：4 ）: 10 #是否启用 Mux.Cool?（默认开启y） [y/n]: 11. #1. HTTP代理（默认1）2. Socks代理 请选择客户端代理类型: 12. #是否关闭iptables防火墙?（默认关闭y） [y/n]: 13. #输入客户端（路由）的 IP 地址（默认：192.168.123.1 ）: 14. #输入客户端（路由）的 本地代理 端口（默认：1088 ）: 15. #输入客户端（路由）的 透明代理 端口（默认：1099 ）:</description>
    </item>
    
    <item>
      <title>shell bash Generalizations test on codecademy</title>
      <link>/posts/2019/05/shell-bash-generalizations-test-on-codecademy/</link>
      <pubDate>Sat, 04 May 2019 00:00:00 +0000</pubDate>
      
      <guid>/posts/2019/05/shell-bash-generalizations-test-on-codecademy/</guid>
      <description>pwd #outputs the name of the current working directory. ls #lists all files and directories in the working directory. cd #switches you into the directory you specify. mkdir #creates a new directory in the working directory. touch #creates a new file inside the working directory. list -a #- lists all contents, including hidden files and directories -l #- lists all contents of a directory in long format -t #- order files and directories by the time they were last modified.</description>
    </item>
    
  </channel>
</rss>