<?xml version="1.0" encoding="utf-8" standalone="yes" ?>
<rss version="2.0" xmlns:atom="http://www.w3.org/2005/Atom">
  <channel>
    <title>untagged on </title>
    <link>/tags/untagged/</link>
    <description>Recent content in untagged on </description>
    <generator>Hugo -- gohugo.io</generator>
    <copyright>&lt;a href=&#34;https://creativecommons.org/licenses/by-nc/4.0/&#34; target=&#34;_blank&#34; rel=&#34;noopener&#34;&gt;CC BY-NC 4.0&lt;/a&gt;</copyright>
    <lastBuildDate>Mon, 20 May 2019 22:09:25 +0800</lastBuildDate>
    
	<atom:link href="/tags/untagged/index.xml" rel="self" type="application/rss+xml" />
    
    
    <item>
      <title>R 专业术语</title>
      <link>/posts/2019/05/r-%E4%B8%93%E4%B8%9A%E6%9C%AF%E8%AF%AD/</link>
      <pubDate>Mon, 20 May 2019 22:09:25 +0800</pubDate>
      
      <guid>/posts/2019/05/r-%E4%B8%93%E4%B8%9A%E6%9C%AF%E8%AF%AD/</guid>
      <description>Confidence interval，CI 置信区间
y^=-21.99x+135.17 </description>
    </item>
    
  </channel>
</rss>